prompt,completion
funk groove acoustic,kry n kr n shr n hr s hr sh kr n shr n hr s khr n khr n shr n hr s hr s khr k shr n hr s
funk groove dark hybrid,kry n kr n sra n ra s ra sa kr n sra n ra s kra n kra n sra n ra s ra s kra k sra n ra s
soul groove acoustic,k n h n sh s h n h n kh n sh s h k kh n h n sh n h n h n kh n ks n h k
soul groove dark hybrid,ka n a n sa s a n a n ka n sa s a k ka n a n sa n a n a n ka n sa n a k
funk groove acoustic,k n h k ks n h k h k kl n ksh n ks s ksh s h k ks n k ks h k kl n sh n k s
funk groove dark hybrid,ka n a k sa n a k a k ka n sa n sa s ksa s a k sa n a ks a k ka n sa n a s
funk groove deep daft,k n h k ks n h k h k ka n ksh n ks s ksh s h k ks n k ks h k ka n sh n k s
soul groove acoustic,ksh h k kh sh h k sh h ksh kh h sh ksh h sh kh sh sh kh hz h k sh h ksh kh h sh kh h sh
soul groove dark hybrid,ksa a a ka sa a a sa a ksa ka a sa ksa a sa ka sa sa ka za a a sa a ksa ka a sa ka a sa
soul groove 808 simple,ksh h k kh sh h k sh h ksh kh h sh ksh h sh kh sh sh kh sh h k sh h ksh kh h sh kh h sh
soul groove acoustic,kh n k n ks n h h k h k n ks n h h k n k n sh n h h k h k n sh n l n
soul groove dark hybrid,ka n a n sa n a a k a a n sa n a a ka n a n sa n a a k a a n sa n a n
soul groove deep daft,kh n k n ks n h h k h k n ks n h h k n k n sh n h h k h k n sh n a n
funk groove acoustic,kh kh h kh hz h k sh h sh kh h sh kh h sh ksh kh h kh hz h h sh h sh kh h hz kh h sh
funk groove dark hybrid,ka ka a ka za a a sa a sa ka a sa ka a sa ksa ka a ka za a a sa a sa ka a za ka a sa
funk groove 808 simple,kh kh h kh sh h k sh h sh kh h sh kh h sh ksh kh h kh sh h h sh h sh kh h sh kh h sh
hiphop groove acoustic,kh h k kh ks h k kh k kh k h ks kh k kh k k k kh ks sh h kh k kh k n k n k n
hiphop groove dark hybrid,ka a a ka sa a a ka a ka ka a sa ka a ka ka a a ka sa sa a ka a ka ka n k n k n
pop groove acoustic,kh n h n khz n h n kh n h n sh n h n h k h n ksh n h n kh n h n sh n h n
pop groove dark hybrid,ka n a n kza n a n ka n a n sa n a n a k a n ksa n a n ka n a n sa n a n
pop groove 808 simple,kh n h n ksh n h n kh n h n sh n h n h k h n ksh n h n kh n h n sh n h n
rock groove acoustic,kh n k n ks n k k k n k n ks n k n kh n k n ks n k k k n k s s kl n n
rock groove dark hybrid,ka n a n sa n a k ka n a n sa n a n ka n a n sa n a k ka n a s s ka n n
rock groove deep daft,kh n k n ks n k k k n k n ks n k n kh n k n ks n k k k n k s s ka n n
soul groove acoustic,kh n h n sh n h n h k h n sh n h n kh n h n sh n h n h k kh n sh n h n
soul groove dark hybrid,ka n a n sa n a n a k a n sa n a n ka n a n sa n a n a k ka n sa n a n
funk purdieshuffle acoustic,k kl n s s h s kh n ks n h n k s ksh n k s kh n k s h n ks n n h k s k
funk purdieshuffle dark hybrid,k ka n s s a s ka n sa n a n a s ksa n ka s ka n a s a n sa n n a a s k
funk purdieshuffle deep daft,k ka n s s h s kh n ks n h n k s ksh n k s kh n k s h n ks n n h k s k
latin samba acoustic,krz r khr z krz r hr kz krz r hr kz kr r hr kz krz r hr kz krz r hr kz krz r hr k krz r hr kz
latin samba dark hybrid,krz r kra z krz r ra kz krz r ra kz kr r ra kz krz r ra kz krz r ra kz krz r ra k krz r ra kz
latin samba 808 simple,ksr r khr s ksr r hr ks ksr r hr ks kr r hr ks ksr r hr ks ksr r hr ks ksr r hr k ksr r hr ks
jazz funk acoustic,kry n hr k sr s hr sr r s kshr kr rz s hr sr kr s shr kr rz s shr kr r s kshr kr rz s hr sr
jazz funk dark hybrid,kry n ra k sr s ra sr r s ksra kr rz s ra sr kr s sra kr rz s sra kr r s ksra kr rz s ra sr
jazz funk big room layered,k n h n kry n hr k sr s hr sr r s kshr kr rz s hr sr kr s shr kr rz s shr kr r s kshr kr
jazz funk 808 simple,kry n hr k sr s hr sr r s kshr kr sr s hr sr kr s shr kr sr s shr kr r s kshr kr sr s hr sr
rock prog acoustic,k n h h n k k n s h n h k n k kh n h h n k k h s n h h n k n k k
rock prog dark hybrid,ka n a a n a k n s a n a a n a ka n a a n a k a s n a a n a n a ka
punk acoustic,ks n ks n h k kz n kh n kz n ksh n kz n ksh n ks n sh k ks n ksh n ks n ksh n kz n
punk dark hybrid,ksa n sa n a k za n ka n za n ksa n za n ksa n sa n sa k sa n ksa n sa n ksa n za n
punk 808 simple,ks n ks n h k ks n kh n ks n ksh n ks n ksh n ks n sh k ks n ksh n ks n ksh n ks n
rock acoustic,kr n sr n kr n kr n r n sr n r n r n kr n sr n kr n kr n r n sr n r n r s
rock acoustic,kr n r n sr n r s r s kr k sr n kr n kr n r n sr n r s r s kr k sr n r n
rock acoustic,kr n sr s kr n sr n kr n sr s kr n sr n kr n sr s kr n sr n kr n sr s kr n sr n
funk groove acoustic,khr n kr k shr n r s hr s kr k shr n r s khr s kr n shr n r s hr s kr k shr n r s
funk groove dark hybrid,kra n kr k sra n r s ra s kr k sra n r s kra s kr n sra n r s ra s kr k sra n r s
soul groove acoustic,k s ks n ks n ks n ks s ksh n sl n h k kl s sh n ks n k n k n k n ks s k ks
soul groove dark hybrid,k s sa n sa n sa n sa s ksa n sa n a k ka s sa n sa n a n a n ka n sa s a ks
soul groove deep daft,k s ks n ks n ks n ks s ksh n sa n h k ka s sh n ks n k n k n k n ks s k ks
funk groove acoustic,k n ks n ks n k k ks k ks n ks n k n ks s ks n sl n k k ks k ks n sl n h s
funk groove dark hybrid,ka n sa n sa n a k sa k ksa n sa n a n ksa s sa n sa n a k sa k ksa n sa n a s
funk groove deep daft,k n ks n ks n k k ks k ks n ks n k n ks s ks n sa n k k ks k ks n sa n h s
soul groove acoustic,k k ks k ks k k k k k ks ks ks k k kh k ks k k kz k k k l k k k ks k ks k
soul groove dark hybrid,ka a sa ka sa a a ka a ka ksa sa sa ka a ka ka sa a ka za a a ka a ka ka a sa ka sa ka
soul groove 808 simple,k k ks k ks k k k k k ks ks ks k k kh k ks k k ks k k k l k k k ks k ks k
soul groove deep daft,k k ks k ks k k k k k ks ks ks k k kh k ks k k kz k k k a k k k ks k ks k
soul groove acoustic,k n k n s n k k k k ks n s n l l kh n k n z n k k k k k n s n k l
soul groove dark hybrid,k n a n s n a a k a sa n s n a a ka n a n z n a a k a a n s n a a
soul groove 808 simple,k n k n s n k k k k ks n s n l l kh n k n s n k k k k k n s n k l
soul groove deep daft,k n k n s n k k k k ks n s n a a kh n k n z n k k k k k n s n k a
funk groove acoustic,kh ks k kh ks k k kl l k k k shl k k k k k k kh ks k k k h k k k ks k k k
funk groove dark hybrid,ka sa a ka sa a a ka a a ka a sa ka a a ka ka a ka sa a a ka a a ka a sa ka a a
funk groove deep daft,kh ks k kh ks k k ka a k k k sha k k k k k k kh ks k k k h k k k ks k k k
hiphop groove acoustic,k n k n ks n k k k k k n ks k k k k n ks n ks k k n k n k n k n k n
hiphop groove dark hybrid,ka n a n sa n a k a k ka n sa k a k ka n ksa n sa k a n ka n ka n ka n ka n
pop groove acoustic,k n kz n ksh n h s k n hz n ks n k n k n hz n ks s k s sl n kh n ks s k s
pop groove dark hybrid,ka n za n sa n a s ka n za n sa n a n ka n za n sa s a s sa n ka n sa s ka s
pop groove 808 simple,k n ks n ksh n h s k n sh n ks n k n k n sh n ks s k s sl n kh n ks s k s
pop groove deep daft,k n kz n ksh n h s k n hz n ks n k n k n hz n ks s k s sa n kh n ks s k s
rock groove acoustic,k n k n ks n k k k n k n ks s k n k n ks n ks s k k k n h s s klj n n
rock groove dark hybrid,ka n a n sa n a k ka n a n sa s a n ka n sa n sa s a k ka n a s s ka n n
rock groove deep daft,k n k n ks n k k k n k n ks s k n k n ks n ks s k k k n h s s ka n n
soul groove acoustic,k n k n ks n k n k n kh n ks n k k k n k n ks n k n k s kh n ks n h k
soul groove dark hybrid,ka n a n sa n a n a n ka n sa n a k ka n a n sa n a n a s ka n sa n a k
latin brazilian-sambareggae acoustic,kt s sh s kx s hx s kt s sh z ku u hu u kt s sh s kx s hx s kt s sh s ku u hu u
latin brazilian-sambareggae dark hybrid,kt s sa s kx s ax s kt s sa z ku u au u kt s sa s kx s ax s kt s sa s ku u au u
latin brazilian-sambareggae 808 simple,kt s sh s kx s hx s kt s sh s ku u hu u kt s sh s kx s hx s kt s sh s ku u hu u
latin brazilian-maracatu acoustic,ks s sh s s s sh s s ks sh s s ks sh ks ks s sh s ks s ksh s s t sh t s s hx s
latin brazilian-maracatu dark hybrid,ks s sa s s s sa s s ks sa s s ks sa ks ks s sa s ks s ksa s s t sa t s s ax s
reggae acoustic,k n h n kl n h s k n s n l n n k kh n n ks k n n h k n n z k n n h
reggae dark hybrid,ka n a s a n s n a n n a a n n sa ka n n a a n n z a n n a a n n a
reggae 808 simple,k n h n kl n h s k n s n l n n k kh n n ks k n n h k n n s k n n h
reggae deep daft,k n h n ka n h s k n s n a n n k kh n n ks k n n h k n n z k n n h
funk groove acoustic,kr n kr n sr n r s r s kr k sr n r s kr n kr n sr n r s r s kr k sr n r s
soul groove acoustic,k k h n ks n k s h s kh n ks n k n k k h n ks n k s k s kh n ks n k n
soul groove dark hybrid,k a n sa n a s a s ka n sa n a n ka k a n sa n a s a s ka n sa n a n ka
funk groove acoustic,kh n h k sh n h k h k kj n sh n h n kh n h k sh n h k h k j n shj n h n
funk groove dark hybrid,ka n a k sa n a k a k ka n sa n a n ka n a k sa n a k a k a n sa n a n
funk groove deep daft,kh n h k sh n h k h k ka n sh n h n kh n h k sh n h k h k a n sha n h n
soul groove acoustic,k h h kh ks h h sh k kh kh h ks kh h kh kh h sh kh ks h h sh h kh kh sh ks kh h kh
soul groove dark hybrid,ka a a ka sa a a sa a ka ka a sa ka a ka ka a sa ka sa a a sa a ka ka sa sa ka a ka
soul groove acoustic,k h k n s n h h kh n h n s n h h k h h n s n j n kh n h n s n h h
soul groove dark hybrid,k a a n s n a a ka n a n s n a a k a a n s n a n ka n a n s n a a
soul groove deep daft,k h k n s n h h kh n h n s n h h k h h n s n a n kh n h n s n h h
funk groove acoustic,kh h h kh sh h h sh h h ksh h sh kh h h kh kh h kh sh h h sh h h kh h sh kh h h
funk groove dark hybrid,ka a a ka sa a a sa a a ksa a sa ka a a ka ka a ka sa a a sa a a ka a sa ka a a
hiphop groove acoustic,k n n n ks h k kh k kh k h ks kh k kh k h k kh ks h k kh k kh k n k n k n
hiphop groove dark hybrid,k n n n sa a a ka a ka ka a sa ka a ka ka a a ka sa a a ka a ka ka n k n k n
rock groove acoustic,k n sh n ks k kh n k n sh n k n kh n k n sh n k k kh n h s s l n n kh n
rock groove dark hybrid,k ka n a n sa n a n ka n a n sa n a k ka n a s s a n n ka n a n sa n a
rock groove deep daft,k n sh n ks k kh n k n sh n k n kh n k n sh n k k kh n h s s a n n kh n
soul groove acoustic,k n h n sh n h n k n kh n sh n h k k n h n sh n h n k n kh n sh n h k
soul groove dark hybrid,ka n a n sa n a n a n ka n sa n a k ka n a n sa n a n a n ka n sa n a k
hiphop acoustic,kl n kh h k h kh h k h h k ks s h k k kh kh h k k k s s sh s s s t u kh
hiphop dark hybrid,kl n ka a a a ka a ka a a k sa s a ka a ka ka a a a a s s sa s s s t u ka
jazz fusion acoustic,kh h n h h h h h h h h h h h h h kh h h h k h n h k h h h k h h h
jazz fusion dark hybrid,ka a n a a a a a a a a a a a a a ka a a a a a n a a a a a a a a a
jazz fusion acoustic,kh n k k s s n s st s n z t u k kl h k k h h k h h k h k s s k h kh
jazz fusion dark hybrid,ka kl a a a a a a a a a a a s s a a ka a a ka a a ka a a a a a s s a
jazz fusion 808 simple,kh n k k s s n s st s n s t u k kl h k k h h k h h k h k s s k h kh
rock acoustic,kr n sh n kr s kr n kd h s n kr n ksl n n n kshl n k s kr n kr n sh n r s kr n
rock dark hybrid,kr n sa n kr s kr n kd a s n kr n ksl n n n ksla n k s kr n kr n sa n r s kr n
hiphop acoustic,k kh k kh ks h kh kh k kh k ksh ks n kh h k h k kh ks h k h k kh k h ks h k h
hiphop dark hybrid,ka a a ka sa a ka a a ka a ksa sa n a a ka a a ka sa a ka a a ka ka a sa a a a
rock acoustic,k h k h s h k h h kj k h s h k h kh h k kh s h k h h kh k h s h l j
rock dark hybrid,ka a a a s a ka a a ka ka a s a a a ka a a ka s a ka a a ka ka a s a a a
rock deep daft,k h k h s h k h h ka k h s h k h kh h k kh s h k h h kh k h s h a a
rock acoustic,k n l n sh s s s s t q x u u kr n h k s n k s h s kl n s h k k kh h
rock jinglestacks 2nd hi-hat,k n l n sh s s s s t h x u u kr n h k s n k s h s kl n s h k k kh h
rock jazz funk,k n l n sh s s s s t b x u u kr n h k s n k s h s kl n s h k k kh h
rock dark hybrid,kr n a k s n ka s a s ka n s a a a ka a a ka s a ka a a ka a a s a a a
rock big room layered,k n l n sh s s s s t l x u u kr n h k s n k s h s kl n s h k k kh h
rock nu rnb,k n l n sh s s s s t s x u u kr n h k s n k s h s kl n s h k k kh h
rock deep daft,k n a n sh s s s s t l x u u kr n h k s n k s h s ka n s h k k kh h
soul acoustic,k n k n ks n k h kh s k n z n k sh k n k h kz s h kj n s s h n n n n
soul dark hybrid,k n a n ks n a a ka s ka n z n a sa ka n a a kz s a ka n s s a n n n n
soul 808 simple,k n k n ks n k h kh s k n s n k sh k n k h ks s h kj n s s h n n n n
soul deep daft,k n k n ks n k h kh s k n z n k sh k n k h kz s h ka n s s h n n n n
soul acoustic,kh s k n ksh n ks h k s l h ks n ks k k s k n ks n ks k k s k n kz n ks k
soul dark hybrid,ka s a n ksa n sa a k s a a ks n sa a ka s a n ks n sa a ka s a n kz n sa a
soul 808 simple,kh s k n ksh n ks h k s l h ks n ks k k s k n ks n ks k k s k n ks n ks k
soul deep daft,kh s k n ksh n ks h k s a h ks n ks k k s k n ks n ks k k s k n kz n ks k
hiphop acoustic,kh h h kh sh n k h k kh kh h ks kh h kh k h h kh ks h kh h k kh k h ks kh k kh
hiphop dark hybrid,ka a a ka sa n ka a a ka ka a sa ka a ka ka a a ka sa a ka a a ka ka a sa ka a ka
funk groove acoustic,kh n kh n sh n h s h s kh k sh n h s kh n kh n sh n sh s h s kh k ks n h s
funk groove dark hybrid,ka n ka n sa n a s a s ka k sa n a s ka n ka n sa n sa s a s ka k sa n a s
soul groove acoustic,kh k h n sh n h n sh s ksh n sh n kh n kh k h n sh n h s sh s kh n sh n kh n
soul groove dark hybrid,ka k a n sa n a n sa s ksa n sa n ka n ka k a n sa n a s sa s ka n sa n ka n
funk groove acoustic,kh n h k sh n h k h k kl n sh n h n k n h k ks n h k h k kl n shj n h n
funk groove dark hybrid,ka n a k sa n a k a k ka n sa n a n ka n a k sa n a k a k ka n sa n a n
funk groove deep daft,kh n h k sh n h k h k ka n sh n h n k n h k ks n h k h k ka n sha n h n
soul groove acoustic,kh h h kh sh h h sh h kh kh h sh kh h kh kh h h kh sh h h sh h kh kh h sh kh h kh
soul groove dark hybrid,ka a a ka sa a a sa a ka ka a sa ka a ka ka a a ka sa a a sa a ka ka a sa ka a ka
soul groove acoustic,kh n h n sh n h h k h h n sh n h h kh n h n sh n h h k h h n sh n h h
soul groove dark hybrid,ka n a n sa n a a k a a n sa n a a ka n a n sa n a a k a a n sa n a a
funk groove acoustic,ksh n n sh h n ks n h s sh n sh s sh s kh h h kh sh h h sh h h kh h sh kh h h
funk groove dark hybrid,ksa n n sa a n sa n a s sa n sa s sa s ka a a ka sa a a sa a a ka a sa ka a a
hiphop groove acoustic,k k n n ksh h h kh h kh kh h sh kh h kh kh h h kh sh h h kh h k k n ksw n kw n
hiphop groove dark hybrid,k k n n ksa a a ka a ka ka a sa ka a ka ka a a ka sa a a ka a k k n ksw n kw n
hiphop groove big room layered,k k n n ksh h h kh h kh kh h sh kh h kh kh h h kh sh h h kh h k k n ksl n kl n
hiphop groove nu rnb,k k n n ksh h h kh h kh kh h sh kh h kh kh h h kh sh h h kh h k k n ksz n kz n
rock groove acoustic,kh n h n sh n h k kh n h n sh n h n kh n h n sh n h k kh n h s s kl n n
rock groove deep daft,kh n h n sh n h k kh n h n sh n h n kh n h n sh n h k kh n h s s ka n n
soul groove acoustic,kh n h n sh n h n h n kh n sh n h k kh n h n sh n h n h n kh n sh n h k
funk acoustic,k n n n ks n k sh k s k s h n ks s s s kl n ksh s h sh ks s kl n ksh n ks s
funk dark hybrid,ka n n n sa n a sa a s ka s a n sa s s s ka n sa s a sa sa s ka n sa n sa s
funk deep daft,k n n n ks n k sh k s k s h n ks s s s ka n ksh s h sh ks s ka n ksh n ks s
funk acoustic,k n k n ky n k k k n l n sh n k n ky n k n k n k k ky n l n sh n k n
funk dark hybrid,k n a n ky n a k k n a n sa n a n ky n a n k n a k ky n a n sa n a n
funk deep daft,k n k n ky n k k k n a n sh n k n ky n k n k n k k ky n a n sh n k n
rock acoustic,ky n r n sr n r s sh tz t t hx x x x kr n r n sr n r s hr s s t kx tx w u
rock dark hybrid,ky n r n sr n r s sa tz t t ax x x x kr n r n sr n r s ra s s t kx tx w u
rock big room layered,ky n r n sr n r s sh tz t t hx x x x kr n r n sr n r s hr s s t kx tx l u
rock 808 simple,ky n r n sr n r s sh st t t hx x x x kr n r n sr n r s hr s s t kx tx w u
rock nu rnb,ky n r n sr n r s sh st t t hx x x x kr n r n sr n r s hr s s t kx tx z u
funk acoustic,kj h kh h sh kh h sh h sh kh sh sh kh h sh h h kh h sh kh h sh h sh kh sh sh kj h sh
funk dark hybrid,ka a ka a sa ka a sa a sa ka sa sa ka a sa a a ka a sa ka a sa a sa ka sa sa ka a sa
funk deep daft,ka h kh h sh kh h sh h sh kh sh sh kh h sh h h kh h sh kh h sh h sh kh sh sh ka h sh
dance disco acoustic,khy n kl n ksh s k s kh n ks n ksh n h s kh n h n ksh n h n kh n h n khz n h sh
dance disco dark hybrid,kay n ka n ksa s a s ka n sa n ksa n a s ka n a n ksa n a n ka n a n kza n a sa
dance disco 808 simple,khy n kl n ksh s k s kh n ks n ksh n h s kh n h n ksh n h n kh n h n ksh n h sh
dance disco deep daft,khy n ka n ksh s k s kh n ks n ksh n h s kh n h n ksh n h n kh n h n khz n h sh
funk acoustic,k s sh kh k s h h k s ksh kh lz s h h k s sh kh k z h k l s h h l n sh h
funk dark hybrid,ka s sa ka a s a a a s ksa ka za s a a ka s sa ka a z a a a s a a a n sa a
funk 808 simple,k s sh kh k s h h k s ksh kh sl s h h k s sh kh k s h k l s h h l n sh h
funk deep daft,k s sh kh k s h h k s ksh kh za s h h k s sh kh k z h k a s h h a n sh h
latin brazilian-baiao acoustic,kh s k k h n sj s kh h h k h h hz n kh h k k h h hz n kh hz h k hz h hz n
latin brazilian-baiao dark hybrid,ka s a k a n sa s ka a a k a a za n ka a a k a a za n ka za a k za a za n
latin brazilian-baiao 808 simple,kh s k k h n sj s kh h h k h h sh n kh h k k h h sh n kh sh h k sh h sh n
latin brazilian-baiao deep daft,kh s k k h n sa s kh h h k h h hz n kh h k k h h hz n kh hz h k hz h hz n
afrocuban acoustic,kh n k h h h h h h h h h h h h h h h h h h h h h k h h h h h h h
afrocuban dark hybrid,ka n a a a a a a a a a a a a a a a a a a a a a a a a a a a a a a
afrocuban acoustic,ks hd s khr sr hd s shr kr hd s khr sr hd n shr ks hd s khr sr hd s shr kr hd z khr sr hd n shr
afrocuban dark hybrid,ks ad s kra sr ad s sra kr ad s kra sr ad n sra ks ad s kra sr ad s sra kr ad z kra sr ad n sra
afrocuban 808 simple,ks hd s khr sr hd s shr kr hd s khr sr hd n shr ks hd s khr sr hd s shr kr hd s khr sr hd n shr
reggae acoustic,k n khz n h n hz n h z kh n lz n h n h n khz n k n hz n h n kh n l n h n
reggae dark hybrid,kza n a n za n a z ka n za n a n a n kza n a n za n a n ka n a n a n a n
reggae 808 simple,k n ksh n h n sh n h s kh n sl n h n h n ksh n k n sh n h n kh n l n h n
reggae deep daft,k n khz n h n hz n h z kh n za n h n h n khz n k n hz n h n kh n a n h n
reggae slow acoustic,k h kh h k h hz h h hz k h hz hz n n k h kh h h n hz h h hz kh h hz h h h
reggae slow dark hybrid,ka a a a za a a za k a za za n n a a ka a a n za a a za ka a za a a a a a
reggae slow 808 simple,k h kh h k h sh h h sh k h sh sh n n k h kh h h n sh h h sh kh h sh h h h
funk acoustic,k h k kry n h h hz k kh sh kh sh ksh kh lz s l s kh sh k h hz k k sh k sh ksh kh lz
funk dark hybrid,k a k kry n a a za a a sa a sa ksa ka za s a s ka sa ka a za a a sa a sa ksa ka za
funk 808 simple,k h k kry n h h sh k kh sh kh sh ksh kh sl s l s kh sh k h sh k k sh k sh ksh kh sl
funk deep daft,k h k kry n h h hz k kh sh kh sh ksh kh za s a s kh sh k h hz k k sh k sh ksh kh za
jazz funk acoustic,kry n hr k sr s hr sr kr s shr kr sr s hr sr kr s shr kr sr s hr kr r s khr kr rz s hr sr
jazz funk dark hybrid,kry n ra k sr s ra sr kr s sra kr sr s ra sr kr s sra kr sr s ra kr r s kra kr rz s ra sr
jazz funk 808 simple,kry n hr k sr s hr sr kr s shr kr sr s hr sr kr s shr kr sr s hr kr r s khr kr sr s hr sr
jazz acoustic,kh n n k n n n s h s s s n s k n h k n u n n n n s sh s s s s n n
jazz dark hybrid,ka n n k n n n s a s s s n s k n a k n u n n n n s sa s s s s n n
jazz mediumfast acoustic,k r r s k n khr s kr n r t n k hr u n r r x u u ht s s s kr n n n hr n
jazz mediumfast dark hybrid,k r r s k n kra s kr n r t n k ra u n r r x u u ta s s s kr n n n ra n
jazz fast acoustic,kry n n n h r n r h r n s s hr n r h r n n h r n n hr n n n h r n n
jazz fast dark hybrid,kry n n n a r n r a r n s s ra n r a r n n a r n n ra n n n a r n n
latin reggaeton acoustic,k n z n k s h s kh n ksh n kh n h s kh n sh n k n k s kh n sh k kh n h s
latin reggaeton dark hybrid,k n z n ka s a s ka n ksa n ka n a s ka n sa n ka n a s ka n sa k ka n a s
latin reggaeton 808 simple,k n s n k s h s kh n ksh n kh n h s kh n sh n k n k s kh n sh k kh n h s
dance breakbeat acoustic,ksh n h n sh n h s kh k sh n h n h s kh n h n sh n h s kh k sh n h n h s
dance breakbeat dark hybrid,ksa n a n sa n a s ka k sa n a n a s ka n a n sa n a s ka k sa n a n a s
dance breakbeat acoustic,kh h k h s h h h kh k s h h h h h kh k k h s k h h k h s k h h h h
dance breakbeat dark hybrid,ka a a a s a a a ka a s a a a a a ka a a a s a a a ka a s a a a a a
neworleans funk acoustic,kl n n s sh k ky k k k s k n k k k h k s n sh h k k h k s k n k k h
neworleans funk dark hybrid,ka n n s sa k ky a a k s k n a k a a k s n sa a k a a k s k n a k a
neworleans funk deep daft,ka n n s sh k ky k k k s k n k k k h k s n sh h k k h k s k n k k h
country acoustic,ks s s s ks s s s ks s s s ks s s s ks s s s ks s s s ks s s s ks s s s
rock acoustic,kry k n h sh h n h kh h n h sh h n h kh h n h sh h n h kh h n h sh h n h
rock dark hybrid,kry a n a sa a n a ka a n a sa a n a ka a n a sa a n a ka a n a sa a n a
rock acoustic,k s s n l kh k n k ksh n n kh k k k n ks n k h k h k n ks n k k k h n
rock dark hybrid,k s s n a ka a n k ksa n n ka k a k n ksa n k a k a k n ksa n k a k a n
rock deep daft,k s s n a kh k n k ksh n n kh k k k n ks n k h k h k n ks n k k k h n
latin chacarera acoustic,ks n kh n hz kh h n hz h n kh hz kh n h hz h n kh hz kh n h hz h n kh hz h k h
latin chacarera dark hybrid,ka n za ka a n za a n ka za ka n a za a n ka za ka n a za a n ka za a k a za a
latin chacarera 808 simple,ks n kh n sh kh h n sh h n kh sh kh n h sh h n kh sh kh n h sh h n kh sh h k h
latin chacarera acoustic,kh n hz kh n h hz h k h hz kh h n hz h n kh hz k n n ht t t ht k sl n n kz h
latin chacarera dark hybrid,ka n za ka n a za a k a za ka a n za a n ka za ka n n ta t t ta k sl n n za a
latin chacarera 808 simple,kh n sh kh n h sh h k h sh kh h n sh h n kh sh k n n ht t t ht k sl n n ks h
punk acoustic,k n n n k u u u u u u n k n s n ks n s n ks n z n k k s n k n s n
punk 808 simple,k n n n k u u u u u u n k n s n ks n s n ks n s n k k s n k n s n
punk acoustic,k rz k r k ru k r k sr k r k sr k r k sr k r k zu k r k sr k r k zu k r
punk 808 simple,k sr k r k ru k r k sr k r k sr k r k sr k r k su k r k sr k r k su k r
punk acoustic,kr n sr n kr k sr n kr n sr k r k sr n kr n sr n kr k sr n kr n sr k r k sr s
jazz march acoustic,ks n n n s s s s k n n s k n n n ks n n n s s s s ks n n n s s s s
funk rock acoustic,k s k s k s s s s k y s k n ks n k z k s k n ks n k n k n k n ks n
funk rock dark hybrid,ka s ka s s s s k y s ka n sa n a z ka s ka n sa n a n ka n ka n sa n a s
funk rock 808 simple,k s k s k s s s s k y s k n ks n k s k s k n ks n k n k n k n ks n
rock prog acoustic,kht sh t t sh ht t s ht sh t t sh ht t s kht sh t t sh t ht s ht s ht t sh t ht s
rock prog dark hybrid,kta sa t t sa ta t s ta sa t t sa ta t s kta sa t t sa t ta s ta s ta t sa t ta s
rock folk acoustic,kh j s h h s h k k n n n sh s s s kh h s h h s h k k n n n u n s s
rock folk dark hybrid,ka a s a a s a k k n n n sa s s s ka a s a a s a k k n n n u n s s
rock folk deep daft,kh a s h h s h k k n n n sh s s s kh h s h h s h k k n n n u n s s
afrobeat acoustic,kz z kh k kz z h h hz z kh h kz z hj h kz z kh h hz z h h hz z kh h hz z h h
afrobeat dark hybrid,ka a za z a a za z ka a za z a a za z ka a za z a a za z ka a za z a a za z
afrobeat 808 simple,ks s kh k ks s h h sh s kh h ks s hj h ks s kh h sh s h h sh s kh h sh s h h
afrobeat deep daft,kz z kh k kz z h h hz z kh h kz z ha h kz z kh h hz z h h hz z kh h hz z h h
funk acoustic,k h h h h h h k h h h h h h h h h h h h kh h h k k h h kh h h kh h
funk dark hybrid,ka a a a a a a ka a a ka a a a a a ka a a a a a a ka a a ka a a a a a
afrocuban calypso acoustic,kh s k s kh h l s ksh h k z kh h lz s kh h k s kh h k s kh hz k z kh h sl s
afrocuban calypso dark hybrid,ka s a s ka a a s ksa a a z ka a za s ka a a s ka a a s ka za a z ka a sa s
afrocuban calypso 808 simple,kh s k s kh h l s ksh h k s kh h sl s kh h k s kh h k s kh sh k s kh h sl s
afrocuban calypso deep daft,kh s k s kh h a s ksh h k z kh h za s kh h k s kh h k s kh hz k z kh h sa s
rock acoustic,k n k n s s k n k n k n s s k n k n k n s s k n k n k n s n k n
jazz linear acoustic,k kr h r n r n hr n r r hr n hr n hr r hr n hr r r n hr hr r n hr hr r h r
jazz linear dark hybrid,k kr a r n r n ra n r r ra n ra n ra r ra n ra r r n ra ra r n ra ra r a r
dance disco acoustic,kh n h n ks n h k kh h k h ks h kh h kh h k h ks h k h kh h k k ks h h kh
dance disco dark hybrid,ka n a n ks n a a ka a a a ks a ka a ka a ka a ks a a a ka a a a ks a a a
dance disco acoustic,k n n n k n n s ks n n n kh h j h kh h h h kh h h h kh h k h k kh k h
dance disco dark hybrid,k n n n k n n s ks n n n ka a a a ka a a a ka a a a ka a a a ka ka a a
dance disco deep daft,k n n n k n n s ks n n n kh h a h kh h h h kh h h h kh h k h k kh k h
rock acoustic,k k k h ks h k k k k h h s k k k kh k l n ksh h k k kh k k k ks k k k
rock dark hybrid,ka a a a ks a a a ka a a a s a a a ka a a n ksa a a a ka a a a ks a a a
rock deep daft,k k k h ks h k k k k h h s k k k kh k a n ksh h k k kh k k k ks k k k
rock acoustic,kh h h h ks h h h kh h k h ks h k h kh k k k ks h h h k k k kh ks h k k
rock dark hybrid,ka a a a ks a a a ka a ka a ks a a a ka a a a ks a a a k a ka ka ks a a a
jazz swing dark hybrid,ksy n n n a a n a n a n s a a n a n a n n a a n a n a n n sa a s s
jazz swing acoustic,kh ks n n k kl n n h ks n n l kl n n h ks n n l kl n n sh ks n l n ky n n
jazz swing dark hybrid,ka sa n n a ka n n a ksa n n a ka n n a ksa n n a ka n n sa ks n a n ky n n
jazz swing deep daft,kh ks n n k ka n n h ks n n a ka n n h ks n n a ka n n sh ks n a n ky n n
jazz swing acoustic,k n n h ks n l n kl n n h ks n l k l n h x s n k y n n n h ks n n l
jazz swing dark hybrid,k n n a sa n a n ka n n a sa n a k a n a x s n k y n n n a sa n n a
jazz swing deep daft,k n n h ks n a n ka n n h ks n a k a n h x s n k y n n n h ks n n a
jazz swing acoustic,ks n s h s n s n ks n s h s n s k s n sh s n s n s z n z s n n n n
jazz swing dark hybrid,ks n s a s n s n ks n s a s n s k s n sa s n s n s z n z s n n n n
jazz swing 808 simple,ks n s h s n s n ks n s h s n s k s n sh s n s n s s n s s n n n n
jazz swing acoustic,ksy s k k s k k n k n k n ks n k n k n k n s n k n k n k n s n k s
jazz swing dark hybrid,ksy s a k s a a n ka n a n sa n a n k n a n s n a n ka n a n s n a s
rock acoustic,k k n h k sh n h kh n h n hz n h n k n h k sh n kh n kh n kh n sh n kh n
rock dark hybrid,k n a k sa n a ka n a n za n a n ka n a k sa n ka n ka n ka n sa n ka n ka
rock 808 simple,k k n h k sh n h kh n h n sh n h n k n h k sh n kh n kh n kh n sh n kh n
rock acoustic,k n s s ks n s s ks s s s k s s s ks n s s ks n s s ks s s s k s s s
rock acoustic,kr n sr n kr n kr n r n sr n r n r n kr n sr n kr n kr n r n sr n r n r n
rock acoustic,kh k h n sh n h n h n kh n sh n h n kh n h n sh n h n h n kh n sh n kh n
rock dark hybrid,ka k a n sa n a n a n ka n sa n a n ka n a n sa n a n a n ka n sa n ka n
rock acoustic,k n h k sh n kh n h n kh n sh n kh n kh k h k ksh n h n h n kh n hz n kh n
rock dark hybrid,ka n a k sa n ka n a n ka n sa n ka n ka k a k ksa n a n a n ka n za n ka n
rock 808 simple,k n h k sh n kh n h n kh n sh n kh n kh k h k ksh n h n h n kh n sh n kh n
jazz acoustic,kr n t t n t w n n t n t w t t n kr n t t n t t n n t n t t n t t
jazz big room layered,kr n t t n t l n n t n t l t t n kr n t t n t t n n t n t t n t t
jazz nu rnb,kr n t t n t z n n t n t z t t n kr n t t n t t n n t n t t n t t
jazz acoustic,kr n n t n t t n n t n t t n t t kr n n t n t t n n t n t w t t n
jazz big room layered,kr n n t n t t n n t n t t n t t kr n n t n t t n n t n t l t t n
jazz nu rnb,kr n n t n t t n n t n t t n t t kr n n t n t t n n t n t z t t n
jazz acoustic,kt t t t kt t t t kt t t t kt t t t kt t t t kt t t t kt t t t kt n t n
rock acoustic,kh n h k hz n kh n h n kh n sh n kh n kh n h k hz n kh n h n kh n sh n kh n
rock dark hybrid,ka n a k za n ka n a n ka n sa n ka n ka n a k za n ka n a n ka n sa n ka n
rock 808 simple,kh n h k sh n kh n h n kh n sh n kh n kh n h k sh n kh n h n kh n sh n kh n
jazz acoustic,ku u n u ku u n u ku u n u ku u n u ku u n u ku u n u ku u n u ksu n n zu
jazz 808 simple,ku u n u ku u n u ku u n u ku u n u ku u n u ku u n u ku u n u ksu n n su
rock acoustic,k k h n k h k n kh k n h k h k n kh j n h k h k n kh k n h k h k n
rock dark hybrid,ka a a n ka a a n ka a n a ka a a n ka a n a ka a a n ka a n a ka a a n
rock deep daft,k k h n k h k n kh k n h k h k n kh a n h k h k n kh k n h k h k n
rock acoustic,kr n r k sr n r n r n kr k sr n kr n kr n r k ksr n r n r s r k sr n kr n
rock acoustic,ky n n s ky k n s ky n n s ky n n s ky n n s ky n n s ky n s y ks ky n n
rock acoustic,ks s s s s s ks s s s s s ks s s s ks z s s ks z s s ks s s s ks s s s
rock 808 simple,ks s s s s s ks s s s s s ks s s s ks s s s ks s s s ks s s s ks s s s
jazz acoustic,kr r r r rz n r r r r n r n r n r n r r r n r r r n r r r n r r r
jazz 808 simple,kr r r r sr n r r r r n r n r n r n r r r n r r r n r r r n r r r
rock acoustic,kr n r n sr n r n r n kr n sr n kr n kr n r n sr n r n r n kr n sr n kr n
rock acoustic,kx n x x sx n x x kx n x x ksx n x x kx n x x ksx n x x kx n x x ksx n x x
rock acoustic,kr n r n sr n r s n s z s t t x n krl n r n sr n r s r s kr k sr n r n
rock 808 simple,kr n r n sr n r s n s s s t t x n krl n r n sr n r s r s kr k sr n r n
rock acoustic,khr n r n sr n r s r s kr k sr n r n khr n r n sr n r s r s kr n sr n r n
rock dark hybrid,kra n r n sr n r s r s kr k sr n r n kra n r n sr n r s r s kr n sr n r n
rock acoustic,ky n n n sr n r s r s kr n sr n r n kr n r n sr n r s r s kr n sr n r n
rock acoustic,kd n sr n d n kd n r n sd n r s r s ksr n sd n kd n kd n r n sd n r s r s
rock acoustic,kh n h n kh n h n kh n h n ksh n h n kh n h n kh n h n kh n h k sh n h n
rock dark hybrid,ka n a n ka n a n ka n a n ksa n a n ka n a n ka n a n ka n a k sa n a n
rock acoustic,kx n x x ksx n x x kx n x x ksx n x x kx n x x ksx n x x kx n x x ksx n x x
rock acoustic,kh n h n sh h h k kh n h n sh n h n kh h h n sh h kh n kh h h n sh h k h
rock dark hybrid,ka n a n sa a a k ka n a n sa n a n ka a a n sa a ka n ka a a n sa a k a
rock acoustic,kh kh n h h sh h n kh kh h n kh sh h n kh kh h n kh sh h n kh k h n kh sh n k
rock dark hybrid,ka ka n a a sa a n ka ka a n ka sa a n ka ka a n ka sa a n ka ka a n ka sa n k
rock acoustic,kh n n kh sh n h kh kh h n kh sh h k h k h k h sh h kh n kh h kh n sh h sh n
rock dark hybrid,ka n n ka sa n a ka ka a n ka sa a k a ka a k a sa a ka n ka a ka n sa a sa n
rock acoustic,krl r n kr sr r n kr kr n n kr sr n r kr kr n n kr sr r n kr kr n n kr sr r k r
hiphop acoustic,ky n h n sh n h n h n kj n sh n kh n kh n h n sh n h n h n kh n sh k h k
hiphop dark hybrid,ky n a n sa n a n a n ka n sa n ka n ka n a n sa n a n a n ka n sa k a k
hiphop deep daft,ky n h n sh n h n h n ka n sh n kh n kh n h n sh n h n h n kh n sh k h k
rock acoustic,kr n n n t t n t x x x n u u n u krl n n n r n r r r r n r r r n r
rock acoustic,khz n h n kz h n h k h h n hzw h n kh kh n h h kzw h n kh k h n kl hzw h n kh
rock dark hybrid,kza n a n za a n a ka a a n zaw a n ka ka n a a zaw a n ka ka a n ka zaw a n ka
rock big room layered,khz n h n kz h n h k h h n hlz h n kh kh n h h klz h n kh k h n kl hlz h n kh
rock 808 simple,ksh n h n ks h n h k h h n shw h n kh kh n h h ksw h n kh k h n kl shw h n kh
rock nu rnb,ksh n h n ks h n h k h h n shz h n kh kh n h h ksz h n kh k h n kl shz h n kh
rock deep daft,khz n h n kz h n h k h h n hzw h n kh kh n h h kzw h n kh k h n ka hzw h n kh
hiphop acoustic,kh h h k s k h h h k kl n sh k h k ky n h h s h h h h k kl n sh h k k
hiphop dark hybrid,ka a a a s a a a a a ka n sa a a a ky n a a s a a a a a ka n sa a a a
hiphop deep daft,kh h h k s k h h h k ka n sh k h k ky n h h s h h h h k ka n sh h k k
hiphop acoustic,k n kh n h n h n h h h k h k k k kl n khj n ks n h n h h h k h k s k
hiphop dark hybrid,ka n ka n a n a n a a a a a a a a ka n ka n sa n a n a a a a a a s a
hiphop deep daft,k n kh n h n h n h h h k h k k k ka n kha n ks n h n h h h k h k s k
rock acoustic,kr k r n sr n n n kr n sr s r n sr n kr n sr s kr n sr n kr n sr s kr n sr n
rock acoustic,krl n sr s r n sr n kr n sr s kr n n n kr n s s s k s n k s s t x u u n
rock acoustic,ky h n h sh h n kh kh h n h sh h n kh kh h n h sh h n kh kh h h n sj n n n
rock dark hybrid,ky a n a sa a n ka ka a n a sa a n ka ka a n a sa a n ka ka a a n sa n n n
rock deep daft,ky h n h sh h n kh kh h n h sh h n kh kh h n h sh h n kh kh h h n sa n n n
rock acoustic,kt n t t kst n t t kt n t ty kst n t t kt n t t kst n t t kt n t t kst n t t
hiphop acoustic,kh n h k h k sh n h k h k h n h n kh n h k h k sh n h k h k sh n kj n
hiphop dark hybrid,ka n a k a k sa n a k a k a n a n ka n a k a k sa n a k a k sa n ka n
hiphop deep daft,kh n h k h k sh n h k h k h n h n kh n h k h k sh n h k h k sh n ka n
rock acoustic,k h n k h k n h k n h h h h n h k k n h k h n k k n n n k k h n
rock acoustic,kly n r n sr n kr n kr n r n sr n r n r n kr n sr n kr n kr n r n sr n r n
rock acoustic,kr n kr n r n sr n r n r n sr n r n kr n kr n r n sr n kr n kr n r n sr n
rock acoustic,ku n u u ksu n u u ku n u u ksu n u u ku n u u ksu n u u ku n u u ksu n u u
rock acoustic,k n h k sh n h n kh n h n ksh n h n kh n h k sh n h n kh n kj n sh n h n
rock dark hybrid,ka n a k sa n a n ka n a n ksa n a n ka n a k sa n a n ka n ka n sa n a n
rock deep daft,k n h k sh n h n kh n h n ksh n h n kh n h k sh n h n kh n ka n sh n h n
rock acoustic,kh n h k sh n h n k n kh n sh n h n kh k h h sh n h n kh n n n ks n h n
rock dark hybrid,ka n a k sa n a n ka n ka n sa n a n ka k a a sa n a n ka n n n sa n a n
rock acoustic,k k ks n k n k n k n ksh n k n ks kh k k k k ks k ksl n khl n shl n k n khl s
rock dark hybrid,k sa n a n a n ka n sa n a n sa ka a k a k sa k ksa n ka n sa n a n ka s a
rock deep daft,k k ks n k n k n k n ksh n k n ks kh k k k k ks k ksa n kha n sha n k n kha s
latin brazilian acoustic,ksv ksv n ksu n ksv n ksv n ksu zv n ksu n ksu n kq n s s ks n s n ks sh s s ks s s s
latin brazilian jinglestacks 2nd hi-hat,ksv ksv n ksu n ksv n ksv n ksu zv n ksu n ksu n kh n s s ks n s n ks sh s s ks s s s
latin brazilian jazz funk,ksv ksv n ksu n ksv n ksv n ksu zv n ksu n ksu n kb n s s ks n s n ks sh s s ks s s s
latin brazilian dark hybrid,ksv ksv n ksu n ksv n ksv n ksu zv n ksu n ksu n kq n s s ks n s n ks sa s s ks s s s
latin brazilian big room layered,ks ks n ksu n ks n ks n ksu kz n ksu n ksu n kl n s s ks n s n ks sh s s ks s s s
latin brazilian super boom layered,ksv ksv n ksu n ksv n ksv n ksu zv n ksu n ksu n kl n s s ks n s n ks sh s s ks s s s
latin brazilian west coast funk,ksb ksb n ksu n ksb n ksb n ksu bz n ksu n ksu n kh n s s ks n s n ks sh s s ks s s s
latin brazilian 808 simple,ksv ksv n ksu n ksv n ksv n ksu sv n ksu n ksu n kq n s s ks n s n ks sh s s ks s s s
latin brazilian nu rnb,ksl ksl n ksu n ksl n ksl n ksu sl n ksu n ksu n ks n s s ks n s n ks sh s s ks s s s
latin brazilian ele-drum,ksl ksl n ksu n ksl n ksl n ksu sl n ksu n ksu n kl n s s ks n s n ks sh s s ks s s s
latin brazilian compact lite w/ tambourine hh,ksv ksv n ksu n ksv n ksv n ksu zv n ksu n ksu n ka n s s ks n s n ks sa s s ks s s s
blues shuffle acoustic,kr n n k sy n n ks ksd n k r sr n ksl s s n n k sd n r k ksr n n krv sr k n sr
blues shuffle big room layered,kr n n k sy n n ks ksd n k r sr n ksl s s n n k sd n r k ksr n n kr sr k n sr
blues shuffle west coast funk,kr n n k sy n n ks ksd n k r sr n ksl s s n n k sd n r k ksr n n krb sr k n sr
blues shuffle nu rnb,kr n n k sy n n ks ksd n k r sr n ksl s s n n k sd n r k ksr n n krl sr k n sr
blues shuffle acoustic,k n n k srv n n ksd ksr n d k sr n sy ks s n ksr n sr n ksr s ksr n kr n sr n ksr s
blues shuffle big room layered,k n n k ksr n n ksd ksr n d k sr n sy ks s n ksr n sr n ksr s ksr n kr n sr n ksr s
blues shuffle west coast funk,k n n k srb n n ksd ksr n d k sr n sy ks s n ksr n sr n ksr s ksr n kr n sr n ksr s
blues shuffle nu rnb,k n n k srl n n ksd ksr n d k sr n sy ks s n ksr n sr n ksr s ksr n kr n sr n ksr s
blues shuffle acoustic,ksu k su ksu ksu ksu n ksu ksu su k ksu su ksu n ksl s n k sy n n s ksr s ksr n sr n n r ksr
latin merengue acoustic,k n n s ks n s ks s n s n kw t t kt q n n s k n s ks s n s k tw n t kq
latin merengue jinglestacks 2nd hi-hat,k n n s ks n s ks s n s n kw t t kt h n n s k n s ks s n s k tw n t kh
latin merengue jazz funk,k n n s ks n s ks s n s n kw t t kt b n n s k n s ks s n s k tw n t kb
latin merengue big room layered,k n n s ks n s ks s n s n kl t t kt l n n s k n s ks s n s k tl n t kl
latin merengue super boom layered,k n n s ks n s ks s n s n kw t t kt l n n s k n s ks s n s k tw n t kl
latin merengue nu rnb,k n n s ks n s ks s n s n kz t t kt s n n s k n s ks s n s k tz n t ks
latin merengue ele-drum,k n n s ks n s ks s n s n kz t t kt l n n s k n s ks s n s k tz n t kl
latin merengue compact lite w/ tambourine hh,k n n s ks n s ks s n s n kw t t kt a n n s k n s ks s n s k tw n t ka
latin brazilian-bossa acoustic,k n h n shlz n k n k k ksq n kh n k n k n kz n kh n k n k n lz n kh n k n
latin brazilian-bossa jinglestacks 2nd hi-hat,k n h n shlz n k n k k ksh n kh n k n k n kz n kh n k n k n lz n kh n k n
latin brazilian-bossa jazz funk,k n h n shlz n k n k k ksb n kh n k n k n kz n kh n k n k n lz n kh n k n
latin brazilian-bossa dark hybrid,k n a n sza n ka n ka k saq n a n ka n ka n za n a n ka n ka n za n a n ka n
latin brazilian-bossa big room layered,k n h n shlz n k n k k ksl n kh n k n k n kz n kh n k n k n lz n kh n k n
latin brazilian-bossa 808 simple,k n h n shl n k n k k ksq n kh n k n k n ks n kh n k n k n sl n kh n k n
latin brazilian-bossa nu rnb,k n h n shl n k n k k ks n kh n k n k n ks n kh n k n k n sl n kh n k n
latin brazilian-bossa ele-drum,k n h n shl n k n k k ksl n kh n k n k n ks n kh n k n k n sl n kh n k n
latin brazilian-bossa compact lite w/ tambourine hh,k n a n sza n ka n ka k sa n a n ka n ka n za n a n ka n ka n za n a n ka n
latin brazilian-bossa deep daft,k n h n shza n k n k k ksl n kh n k n k n kz n kh n k n k n za n kh n k n
latin brazilian-sambareggae acoustic,kx s hx s kt s sh s ku u hu u kt n sh n ku n hu s kt s sh z ku u hu u kt s sh s
latin brazilian-sambareggae dark hybrid,kx s ax s kt s sa s ku u au u kt n sa n ku n au s kt s sa z ku u au u kt s sa s
latin brazilian-sambareggae 808 simple,kx s hx s kt s sh s ku u hu u kt n sh n ku n hu s kt s sh s ku u hu u kt s sh s
afrocuban calypso acoustic,ksr s n s kr n hz n kr z h s kr n hz n kr s hr s kr n sh n k s h s k n hz n
afrocuban calypso dark hybrid,ksr s n s kr n za n kr z a s kr n za n kr s ra s kr n sa n ka s a s ka n za n
afrocuban calypso 808 simple,ksr s n s kr n sh n kr s h s kr n sh n kr s hr s kr n sh n k s h s k n sh n
latin brazilian-songo acoustic,khl k h ks k n k n k s k ks kh s k z l s kh ks k s k s k z k ks k s kh z
latin brazilian-songo dark hybrid,ka k a ks a n ka n a s a ks a s ka z a s a ks a s ka s a z a ks a s ka z
latin brazilian-songo 808 simple,khl k h ks k n k n k s k ks kh s k s l s kh ks k s k s k s k ks k s kh s
latin brazilian-songo deep daft,kha k h ks k n k n k s k ks kh s k z a s kh ks k s k s k z k ks k s kh z
funk acoustic,k kz k n shl n k n hl n ksh n shl n h k k s h n ks n k n hl s ksh k hlz s k k
funk dark hybrid,k kz a n sa n a n a n ksa n sa n a k ka s a n sa n a n a s ksa k za s a k
funk 808 simple,k ks k n shl n k n hl n ksh n shl n h k k s h n ks n k n hl s ksh k shl s k k
funk deep daft,k kz k n sha n k n ha n ksh n sha n h k k s h n ks n k n ha s ksh k hza s k k
rock acoustic,ky k n n shr n r s khr n kr n shr n r s khr n r n shr n kr k hr s kr n shr n s s
rock dark hybrid,ky k n n sra n r s kra n kr n sra n r s kra n r n sra n kr k ra s kr n sra n s s
blues shuffle acoustic,k s k ks k n k ksl k s kh ks k n k k k n k kz k n ks k k n ksh ks kh k k k
blues shuffle dark hybrid,ka ksa a s ka sa a n ka ka a n a za a n ksa ka a n ksa sa ka k a ka a n ka sa sa n
blues shuffle 808 simple,k s k ks k n k ksl k s kh ks k n k k k n k ks k n ks k k n ksh ks kh k k k
blues shuffle deep daft,k s k ks k n k ksa k s kh ks k n k k k n k kz k n ks k k n ksh ks kh k k k
afrocuban acoustic,kd s sr n d s r s n ht s t s t s t k ks t n t s x sr n v s q n kr ks n
afrocuban jinglestacks 2nd hi-hat,kd s sr n d s r s n ht s t s t s t k ks t n t s x sr n v s h n kr ks n
afrocuban jazz funk,kd s sr n d s r s n ht s t s t s t k ks t n t s x sr n v s b n kr ks n
afrocuban dark hybrid,kd s sr n d s r s n ta s t s t s t k ks t n t s x sr n v s q n kr ks n
afrocuban big room layered,kd s sr n d s r s n ht s t s t s t k ks t n t s x sr n k s l n kr ks n
afrocuban super boom layered,kd s sr n d s r s n ht s t s t s t k ks t n t s x sr n v s l n kr ks n
afrocuban west coast funk,kd s sr n d s r s n ht s t s t s t k ks t n t s x sr n b s h n kr ks n
afrocuban nu rnb,kd s sr n d s r s n ht s t s t s t k ks t n t s x sr n l s s n kr ks n
afrocuban ele-drum,kd s sr n d s r s n ht s t s t s t k ks t n t s x sr n l s l n kr ks n
afrocuban compact lite w/ tambourine hh,kd s sr n d s r s n ta s t s t s t k ks t n t s x sr n v s a n kr ks n
middleeastern acoustic,kl n ks n k n kh z k n h n hlz n k s k n kz n k n k n k n h n ksz n h n
middleeastern dark hybrid,ka n sa n a n ka z ka n a n za n a s ka n za n a n ka n ka n a n sza n a n
middleeastern 808 simple,kl n ks n k n kh s k n h n shl n k s k n ks n k n k n k n h n ks n h n
middleeastern deep daft,ka n ks n k n kh z k n h n hza n k s k n kz n k n k n k n h n ksz n h n
latin brazilian-bossa acoustic,k n k n hl n k n kh n ks sh ks ks ks h k n ks n kh n k n k n ks n kh n k n
latin brazilian-bossa dark hybrid,ka n ka n sa sa sa sa ks a ka n sa n a n ka n ka n sa n a n ka n ka n a n sa n
latin brazilian-bossa deep daft,k n k n ha n k n kh n ks sh ks ks ks h k n ks n kh n k n k n ks n kh n k n
latin brazilian-baiao acoustic,kr kr hr ks sr r shr n ksr r hr ks sr r shr n kr r hr k ksr r shr n kr kz hr k rz sr hr z
latin brazilian-baiao dark hybrid,kr kr ra ks sr r sra n ksr r ra ks sr r sra n kr r ra k ksr r sra n kr kz ra k rz sr ra z
latin brazilian-baiao 808 simple,kr kr hr ks sr r shr n ksr r hr ks sr r shr n kr r hr k ksr r shr n kr ks hr k sr sr hr s
latin brazilian-samba acoustic,ks s sh ks ku s sh ks k s sh ks ku s sh ks ks s sh ks ku s sh ks ks s sh ks ku s sh kz
latin brazilian-samba dark hybrid,ks s sa ks ku s sa ks k s sa ks ku s sa ks ks s sa ks ku s sa ks ks s sa ks ku s sa kz
latin brazilian-samba 808 simple,ks s sh ks ku s sh ks k s sh ks ku s sh ks ks s sh ks ku s sh ks ks s sh ks ku s sh ks
latin brazilian-samba acoustic,ks s sh ks ku n sh ks ks s sh ks ku s sh ks ks s sh ks ku s sh kz ks s sh kz ku s sh kz
latin brazilian-samba dark hybrid,ks s sa ks ku n sa ks ks s sa ks ku s sa ks ks s sa ks ku s sa kz ks s sa kz ku s sa kz
latin brazilian-samba 808 simple,ks s sh ks ku n sh ks ks s sh ks ku s sh ks ks s sh ks ku s sh ks ks s sh ks ku s sh ks
latin brazilian-maracatu acoustic,ks ksh n s hz s s s hz ks z ks khz s s s khz s s s ksh s kz s hz ks s s sh ks s ks
latin brazilian-maracatu dark hybrid,ks ksa n s za s s s za ks z ks kza s s s kza s s s ksa s kz s za ks s s sa ks s ks
latin brazilian-maracatu 808 simple,ks ksh n s sh s s s sh ks s ks ksh s s s ksh s s s ksh s ks s sh ks s s sh ks s ks
latin dominican-merengue acoustic,k n h s k n sh n k n sh n k w ht t kt n h s ks n sh s k n sh n k t ht t
latin dominican-merengue dark hybrid,k n a s ka n sa n ka n sa n k w ta t kt n a s ksa n sa s ka n sa n k t ta t
latin dominican-merengue big room layered,k n h s k n sh n k n sh n k l ht t kt n h s ks n sh s k n sh n k t ht t
latin dominican-merengue nu rnb,k n h s k n sh n k n sh n k z ht t kt n h s ks n sh s k n sh n k t ht t
latin venezuelan-sangueo acoustic,ksl ks k k ksh k k ksh k k k k kz n hl s kl ks l k sl s hl s kl ks sh k khz n kh sh
latin venezuelan-sangueo dark hybrid,ksa ks a k sa k a ksa a k a k za n a s ka ks a k sa s a s ka ks sa k za n a sa
latin venezuelan-sangueo 808 simple,ksl ks k k ksh k k ksh k k k k ks n hl s kl ks l k sl s hl s kl ks sh k ksh n kh sh
latin venezuelan-sangueo deep daft,ksa ks k k ksh k k ksh k k k k kz n ha s ka ks a k sa s ha s ka ks sh k khz n kh sh
neworleans funk acoustic,k n k n ks n hl s k n k n ks s k s k s k n ks n kh s k n k n k k k n
neworleans funk dark hybrid,ka n a n sa n a s ka n ka n sa s a s ka s a n sa n a s ka n ka n a a a n
neworleans funk deep daft,k n k n ks n ha s k n k n ks s k s k s k n ks n kh s k n k n k k k n
soul acoustic,k s k n ks n k n k s sh n ks n k k k n k n kz n k n k n k n ks n k k
soul dark hybrid,ka s a n sa n a n a s sa n sa n a k ka n a n za n a n a n ka n sa n a k
soul 808 simple,k s k n ks n k n k s sh n ks n k k k n k n ks n k n k n k n ks n k k
rock acoustic,k ks s n ks n k s kh n kh k ksh n h k ks s h n ks n kl s k s ks n ksh s k s
rock dark hybrid,ka ks s n sa n a s a n ka k sa n a k ksa s a n sa n ka s a s ksa n sa s a s
rock deep daft,k ks s n ks n k s kh n kh k ksh n h k ks s h n ks n ka s k s ks n ksh s k s
rock acoustic,k n k l l n l h k n k s s h k k k k h k k n s k k n k k h n k k
rock dark hybrid,ka n a a a n a a a n a s s a ka a a k a a a n s a a n a a a n ka a
rock deep daft,k n k a a n a h k n k s s h k k k k h k k n s k k n k k h n k k
rock acoustic,k k n k n n k k s n k k k k n h k k n k k k n k k n n s n n l n
rock dark hybrid,ka ka n a n n a a s n a a a a n a ka a n ka a a n a a n n s n n a n
rock deep daft,k k n k n n k k s n k k k k n h k k n k k k n k k n n s n n a n
latin brazilian-samba acoustic,kxd k shd kd kd v hr kq kd s hr kd kvd n hru k kxd n shd kr kd u hr kx kr s hd kd kud n hud k
latin brazilian-samba jinglestacks 2nd hi-hat,kxd k shd kd kd v hr kh kd s hr kd kvd n hru k kxd n shd kr kd u hr kx kr s hd kd kud n hud k
latin brazilian-samba jazz funk,kxd k shd kd kd v hr kb kd s hr kd kvd n hru k kxd n shd kr kd u hr kx kr s hd kd kud n hud k
latin brazilian-samba dark hybrid,kxd k sad kd kd v ra kq kd s ra kd kvd n rau k kxd n sad kr kd u ra kx kr s ad kd kud n aud k
latin brazilian-samba big room layered,kxd k shd kd kd k hr kl kd s hr kd kd n hru k kxd n shd kr kd u hr kx kr s hd kd kud n hud k
latin brazilian-samba super boom layered,kxd k shd kd kd v hr kl kd s hr kd kvd n hru k kxd n shd kr kd u hr kx kr s hd kd kud n hud k
latin brazilian-samba west coast funk,kxd k shd kd kd b hr kh kd s hr kd kbd n hru k kxd n shd kr kd u hr kx kr s hd kd kud n hud k
latin brazilian-samba nu rnb,kxd k shd kd kd l hr ks kd s hr kd kld n hru k kxd n shd kr kd u hr kx kr s hd kd kud n hud k
latin brazilian-samba ele-drum,kxd k shd kd kd l hr kl kd s hr kd kld n hru k kxd n shd kr kd u hr kx kr s hd kd kud n hud k
latin brazilian-samba compact lite w/ tambourine hh,kxd k sad kd kd v ra ka kd s ra kd kvd n rau k kxd n sad kr kd u ra kx kr s ad kd kud n aud k
latin brazilian-ijexa acoustic,khr n kd n hd d n d kh d kd n hd n d n khr n kd n hd d n d kh d kd n hd n d n
latin brazilian-ijexa dark hybrid,kra n kd n ad d n d ka d kd n ad n d n kra n kd n ad d n d ka d kd n ad n d n
latin brazilian acoustic,k s h s k s kl n ks s k s ks ks h s k sh k s ks n kh n kz n h s ks ks h s
latin brazilian dark hybrid,ka s ka n sa s a s ksa ksa a s a sa a s ksa n ka n za n a s ksa sa a s a s a s
latin brazilian 808 simple,k s h s k s kl n ks s k s ks ks h s k sh k s ks n kh n ks n h s ks ks h s
latin brazilian deep daft,k s h s k s ka n ks s k s ks ks h s k sh k s ks n kh n kz n h s ks ks h s
latin brazilian-ijexa acoustic,k k h z k ks ks n ks ks h s ks ks sh s ks k h s k s ksh k ks sl h s ks ks h s
latin brazilian-ijexa dark hybrid,ka ks ksa n sa sa a s ksa ksa sa s sa a a s ka s ksa k sa sa a s ksa sa a s sa sa a s
latin brazilian-ijexa 808 simple,k k h s k ks ks n ks ks h s ks ks sh s ks k h s k s ksh k ks sl h s ks ks h s
latin brazilian-ijexa deep daft,k k h z k ks ks n ks ks h s ks ks sh s ks k h s k s ksh k ks sa h s ks ks h s
latin brazilian-ijexa acoustic,kz ks h s k ks h s k ks h s k s ksh n ks sj h s k ks h s h s h s k s k n
latin brazilian-ijexa dark hybrid,ka sa a s a sa a s ka s ksa n sa sa a s ka sa a s a s a s ka s ka n sa sa a s
latin brazilian-ijexa 808 simple,ks ks h s k ks h s k ks h s k s ksh n ks sj h s k ks h s h s h s k s k n
latin brazilian-ijexa deep daft,kz ks h s k ks h s k ks h s k s ksh n ks sa h s k ks h s h s h s k s k n
latin brazilian-songo acoustic,ksz s h ks sz s shz z s s n ks sz s s s s s n ks shy s s s s sz s ks shz s s sz
latin brazilian-songo dark hybrid,ksz s a ks sz s sza z s s n ks sz s s s s s n ks sya s s s s sz s ks sza s s sz
latin brazilian-songo 808 simple,ks s h ks s s sh s s s n ks s s s s s s n ks shy s s s s s s ks sh s s s
latin brazilian-songo acoustic,k s s s s s s s s s s s sz n n s ks s sh ks s s sh s s sz s ks sh s ks s
latin brazilian-songo dark hybrid,ka s s s s s s s s s s s sz n n s ks s sa ks s s sa s s sz s ks sa s ks s
latin brazilian-songo 808 simple,k s s s s s s s s s s s s n n s ks s sh ks s s sh s s s s ks sh s ks s
latin brazilian acoustic,kh ksy s s kl k k n sr n hr s khr ks r n hr s hr s khr s khr n shr s hr s kshd sr hr s
latin brazilian dark hybrid,ka ksy s s ka k ka n sr n ra s kra ks r n ra s ra s kra s kra n sra s ra s ksad sr ra s
latin brazilian deep daft,kh ksy s s ka k k n sr n hr s khr ks r n hr s hr s khr s khr n shr s hr s kshd sr hr s
reggae acoustic,khl n k n kh n k n kz n k n k n lz n k n ks n ks s k n k n k n k n k z
reggae dark hybrid,ka n a n ka n a n kza n a n ka n za n ka n sa n ksa s a n ka n a n ka n a z
reggae 808 simple,khl n k n kh n k n ks n k n k n sl n k n ks n ks s k n k n k n k n k s
reggae deep daft,kha n k n kh n k n kz n k n k n za n k n ks n ks s k n k n k n k n k z
neworleans secondline acoustic,ks s sh z s sz sz s s z z s z s sh z kz s hz s ks s sh s ks s sh z ks s sh s
neworleans secondline dark hybrid,ks s sa z s sz sz s s z z s z s sa z kz s za s ks s sa s ks s sa z ks s sa s
neworleans secondline 808 simple,ks s sh s s s s s s s s s s s sh s ks s sh s ks s sh s ks s sh s ks s sh s
neworleans secondline acoustic,kshz s n n h n s s sh s k n shz s s s ksh s s n sh n sz n sh s ks n shz s s s
neworleans secondline dark hybrid,ksza s n n a n s s sa s k n sza s s s ksa s s n sa n sz n sa s ks n sza s s s
neworleans secondline 808 simple,ksh s n n h n s s sh s k n sh s s s ksh s s n sh n s n sh s ks n sh s s s
neworleans chacha acoustic,ks n n n kz n h n kz n h n ks s kj n ksh n h n kz n h s kz n ksj n khz n ks n
neworleans chacha dark hybrid,ks n n n za n a n za n a n sa s ka n sa n a n za n a s za n ksa n za n ksa n
neworleans chacha 808 simple,ks n n n ks n h n ks n h n ks s kj n ksh n h n ks n h s ks n ksj n ksh n ks n
neworleans chacha deep daft,ks n n n kz n h n kz n h n ks s ka n ksh n h n kz n h s kz n ksa n khz n ks n
neworleans shuffle acoustic,ks ks sh ks s s ksh s ks ks sh ks s s ksh s ks s hz ks s s ksh s ks s sh ks s s ksh ks
neworleans shuffle dark hybrid,ks ks sa ks s s ksa s ks ks sa ks s s ksa s ks s za ks s s ksa s ks s sa ks s s ksa ks
neworleans shuffle 808 simple,ks ks sh ks s s ksh s ks ks sh ks s s ksh s ks s sh ks s s ksh s ks s sh ks s s ksh ks
rock acoustic,k n k s sh s kh z kh s k s sh s ks s k s k s s s k ks hj s k s sh s kh s
rock dark hybrid,ka n a s sa s a z ka s ka s sa s ksa s ka s ka s s s a ks a s ka s sa s a s
rock 808 simple,k n k s sh s kh s kh s k s sh s ks s k s k s s s k ks hj s k s sh s kh s
rock deep daft,k n k s sh s kh z kh s k s sh s ks s k s k s s s k ks ha s k s sh s kh s
rock acoustic,ks r n kr n hrz r r n shr r r z r n hr s r n kr n shr hr r n hrz n r n shr r hr
rock dark hybrid,ks r n kr n rza r r n sra r r z r n ra s r n kr n sra ra r n rza n r n sra r ra
rock 808 simple,ks r n kr n shr r r n shr r r s r n hr s r n kr n shr hr r n shr n r n shr r hr
rock acoustic,ks s kl s k n ks n l s hl n k n ks s lj s khl s k n ks sh k s l sh k n n n
rock dark hybrid,ks s ka s k n sa n a s a n a n sa s a s ka s ka n sa sa a s a sa a n n n
rock deep daft,ks s ka s k n ks n a s ha n k n ks s a s kha s k n ks sh k s a sh k n n n
rock acoustic,kh h s j l j khj k l l s l l l kh k k k s k k kh kl j l l sh k k h khj h
rock dark hybrid,ka a a a s a a a ka a a a s a a a ka a a a sa a a a ka a a a s a a a
rock deep daft,kh h s a a a kha k a a s a a a kh k k k s k k kh ka a a a sh k k h kha h
rock acoustic,ks n kry n n n shu n u t ku t u k s n u t ku n k n sh n x t ku t u k s n
rock dark hybrid,ks n kry n n n sau n u t ku t u k s n u t ku n k n sa n x t ku t u k s n
rock acoustic,ksy n sj n k ks s sl s ksl ks n sl n n sl sl ks n k k ks n k k l n k n ks n ksh
rock dark hybrid,ksy n sa n k sa s sa s ksa ks n sa n n sa sa ks n a k sa n a k a n ka n sa n sa
rock deep daft,ksy n sa n k ks s sa s ksa ks n sa n n sa sa ks n k k ks n k k a n k n ks n ksh
rock acoustic,ku w u k s n u q k q u k s n u t ku t u k s n u q k q u k s n u t
rock jinglestacks 2nd hi-hat,ku w u k s n u h k h u k s n u t ku t u k s n u h k h u k s n u t
rock jazz funk,ku w u k s n u b k b u k s n u t ku t u k s n u b k b u k s n u t
rock big room layered,ku l u k s n u l k l u k s n u t ku t u k s n u l k l u k s n u t
rock super boom layered,ku w u k s n u l k l u k s n u t ku t u k s n u l k l u k s n u t
rock nu rnb,ku z u k s n u s k s u k s n u t ku t u k s n u s k s u k s n u t
rock ele-drum,ku z u k s n u l k l u k s n u t ku t u k s n u l k l u k s n u t
rock compact lite w/ tambourine hh,ku w u k s n u a k a u k s n u t ku t u k s n u a k a u k s n u t
rock acoustic,ku n ku n su n ku n u n ku n su n u n khu n ku n shu n ku n hu n ktu n hux n kux n
rock dark hybrid,ku n ku n su n ku n u n ku n su n u n kau n ku n sau n ku n au n ktu n aux n kux n
hiphop acoustic,kh k k h k k k t h w k n s n s s s sw s s t x s u u u k sl s h s s
hiphop dark hybrid,k sl s a s s s sa t x x au u u ku kla a a a a a a a a a a n a a a a a
hiphop big room layered,kh k k h k k k t h l k n s n s s s sl s s t x s u u u k sl s h s s
hiphop nu rnb,kh k k h k k k t h z k n s n s s s sz s s t x s u u u k sl s h s s
hiphop acoustic,k k k h k h kh h k kh h k ks s h k k h kh h k h kh h k k h k ks s h k
hiphop dark hybrid,ka a a a ka a ka ka a k sa s a a a a ka a a a ka a ka a a k sa s a ka a ka
hiphop acoustic,ky h k h k h kh h k k k kh ks s h k k h kh h k k h k k k k kh ks s h k
hiphop dark hybrid,ky a ka a a a ka a ka a a ka ksa s a a a a ka a a ka a a ka a a ka sa s a a
hiphop acoustic,k k k h h h k h n k s s k s h s k ks h k k ks kh s ks h s s k s h s
hiphop dark hybrid,ks a k a ks ka s sa a s s a s a s ka s a ks a ks ka s a a s s a s a s ka
hiphop acoustic,k s kh s k k h ks k s h n sz s k s h s k s h ks k k kh s k n s s k s
hiphop dark hybrid,ka s a k a ks ka s a n sz s a s a s ka s a ks a k ka s a n s s a s a s
hiphop 808 simple,k s kh s k k h ks k s h n s s k s h s k s h ks k k kh s k n s s k s
hiphop acoustic,k s k ks h ks k s k n s s k s h s k s h s k s s k s s s s k s t s
hiphop dark hybrid,k s a ks a ks k s a n s s a s a s a s a s a s s a s s s s a s t s
rock acoustic,k n h k k h h h k n h k k h h h k h n h k h h h k h h h k h n h
rock dark hybrid,ka n a a a a a a a n a a a a a a ka a n a a a a a a a a a ka a n a
rock acoustic,ks n kh n ks s h s k n kh k ks s n n k n kh n ks n n n k n kh n ks n n n
rock dark hybrid,ksa n ka n sa s a s a n ka k sa s n n ka n ka n sa n n n a n ka n sa n n n
pop acoustic,k r k d n n n r n n n d n r k r n hd n k n d d k h d h n k d h d
pop dark hybrid,ksl n n n n a r n a s n t ad n n k a rv k n n kad n r n sa n d n ad n r
pop acoustic,k n k k ks n n n k ks n n ks n k n k n k n ks h n n k n k n ks n k n
pop dark hybrid,ka n a k sa n n n ka ksa n n sa n k n a n k n sa a n n ka n k n sa n k n
pop acoustic,ks n khy n n n shd n n n khd n k n shld n ks n hd n k h sd n s n khd n k h sd n
pop dark hybrid,ks n kay n n n sad n n n kad n k n slad n ks n ad n k a sd n s n kad n k a sd n
soul motown acoustic,kr n r r shr n kr n kr n r n htr n tr n kr n r n shr n r n n n ru n hru n k n
soul motown dark hybrid,kr n r r sra n kr n kr n r n tra n tr n kr n r n sra n r n n n ru n rau n k n
jazz fusion acoustic,khr s r s hr s r s hr s r d hzd s r r khd s r s hd s kr s hr s r r hzd s r r
jazz fusion dark hybrid,kra s r s ra s r s ra s r d zad s r r kad s r s ad s kr s ra s r r zad s r r
jazz fusion 808 simple,khr s r s hr s r s hr s r d shd s r r khd s r s hd s kr s hr s r r shd s r r
hiphop acoustic,k n h n k s kh n ks n n n k n h n k n kh n kh n h n ks n kh n k h k n
hiphop dark hybrid,ka n a n a s ka n sa n n n ka n a n a n ka n ka n a n sa n ka n a a k n
rock acoustic,k n shl n ksh n hl n kl n shl n ksl s khl h kl n shl n kshl s hl h kl n shl n kl h kl n
rock dark hybrid,k n sla n ksa n la n kl n sla n ksl s kla a kl n sla n ksla s la a kl n sla n kl a kl n
rock acoustic,k n h n s s s s ks s kl n k n shl n ksl s shl n kl h sl n ksl sh ksl n kl n shl n
rock dark hybrid,k n a n s s s s ks s kl n k n sla n ksl s sla n kl a sl n ksl sa ksl n kl n sla n
rock acoustic,k kl n n n ks k h kh k h sh h ks h h n k h h h ks h h kh k h h h ks h l
rock dark hybrid,k kl n n n sa a a ka ka a sa a sa a a n ka a a a sa a a ka ka a a a sa a a
rock deep daft,k kl n n n ks k h kh k h sh h ks h h n k h h h ks h h kh k h h h ks h a
rock acoustic,k kl n n n ksh h h kh k k n h ks h h h k h sh h ks s sh kh ks h h h ks h l
rock dark hybrid,k kl n n n sa a a ka ka a n a sa a a a a a sa a sa s sa ka ksa a a a sa a a
rock deep daft,k kl n n n ksh h h kh k k n h ks h h h k h sh h ks s sh kh ks h h h ks h a
rock acoustic,k k h h s k n kh k h h h k k h h k k h h s k k kh k h n h k k h h
rock dark hybrid,ka ka a a a a a a a ka a a a s a a ka ka a n a a a a a ka a a a s n a
rock acoustic,k n k n ks k n k n ksh n n s n k n k n k n s k h n k n n n s n k n
rock dark hybrid,k n a n ksa n n s n ka n ka n a n s k a n ka n n n s n ka n ka n ka n s
rock acoustic,k k s s t t x x u u u u kl n n n h n n n u n n n shu n ku n u n ku n
rock dark hybrid,k k s s t t x x u u u u kl n n n a n n n u n n n sau n ku n u n ku n
rock acoustic,k n s k k n kh n k s s n k n k n k n s n k n k n k n s n k n k n
rock dark hybrid,k a n ka n a s s n k n ka n ka n s n a n ka n ka n s n ka n ka n ka n s
rock acoustic,ku n sh n ku n kt n ku n shu n kt n u n k n shu n ks n ku n t n shu n k n ku n
rock dark hybrid,ku n sa n ku n kt n ku n sau n kt n u n k n sau n ks n ku n t n sau n k n ku n
soul motown acoustic,ks n k n ks n k n ks n kh n ks n kh n ks n h n ks n k n ks n kh n ks n k n
soul motown dark hybrid,ksa n a n sa n ka n sa n ka n sa n ka n sa n a n sa n a n sa n ka n sa n k n
rock acoustic,k n k n ks n k n k n k n ks s k n k n ks n ks n k s w s s t x s u k
rock dark hybrid,ka n ka n sa n k n a n ka n sa s ka n ka n sa n sa n ka s w s s t x s u ka
rock big room layered,k n k n ks n k n k n k n ks s k n k n ks n ks n k s l s s t x s u k
rock nu rnb,k n k n ks n k n k n k n ks s k n k n ks n ks n k s z s s t x s u k
soul motown acoustic,k n s n k n s n k n n s h k h s h k n s n k n s n k n s n h n ks
soul motown dark hybrid,ksa n n n ksa n a n ksa n n n ksa n a n ksa n a n ksa k a n kza n a s ks ks n s
rock acoustic,k n k n ks n k s k n k n ks n kh n k n kh n ks n k n k n h n ks n h n
rock dark hybrid,ka n a n sa n ka s a n a n sa n ka n a n ka n sa n k n ka n a n sa n a n
funk acoustic,k s kl n ksh s h ks h s kl n ksh s k sh k s kl n ksh s h sh k s kl n ksh s h sh
funk dark hybrid,ka s ka n sa s a sa a s ka n sa s a sa ka s ka n sa s a sa a s ka n sa s a sa
funk deep daft,k s ka n ksh s h ks h s ka n ksh s k sh k s ka n ksh s h sh k s ka n ksh s h sh
funk acoustic,k s kl n ksh s k ks k s k k shl n k sh k s k n ks n ks s k s k n ks s n ks
funk dark hybrid,ka n sa s a sa a s ka k sa n a sa ka s ka n sa n sa s ka s a n sa s n ks a s
funk deep daft,k s ka n ksh s k ks k s k k sha n k sh k s k n ks n ks s k s k n ks s n ks
funk acoustic,k s kj n ksh n sh sh k s k n ksh s h sh kh s kj n ksh s h sh h s kj n ksh s h sh
funk dark hybrid,ka s ka n sa n sa sa a s ka n sa s a sa ka s ka n sa s a sa a s ka n sa s a sa
funk deep daft,k s ka n ksh n sh sh k s k n ksh s h sh kh s ka n ksh s h sh h s ka n ksh s h sh
country acoustic,k s k n s n k s n s k n s n k s k s k n s n k s n s k n s n k s
country dark hybrid,k s a n s n a s n s a n s n a s k s a n s n a s n s a n s n a s
hiphop acoustic,k k k kh sh h kh h h kh kh h sh h h h kh h h kh ks h kh h h kh kh h sh h h h
hiphop dark hybrid,ka sa a ka a a ka ka a sa a a a ka a a ka sa a ka a a ka ka a sa a a a ka a a
hiphop acoustic,kh kh ks h k h kh h kh kh ks kh k kh k h k kh ks h kh h kh kh k kh ks kh kl n kh h
hiphop dark hybrid,ka ksa a ka a a a a ka sa ka a ka ka a a ka sa a a a a ka a ka sa ka ka n ka a a
hiphop deep daft,kh kh ks h k h kh h kh kh ks kh k kh k h k kh ks h kh h kh kh k kh ks kh ka n kh h
rock acoustic,kh h h kh hz h h h h kh kh h sh kh h kh kh h h kh sh h h h h kh kh h sh k h kh
rock dark hybrid,ka a a ka za a a a a ka ka a sa ka a ka ka a a ka sa a a a a ka ka a sa k a ka
rock 808 simple,kh h h kh sh h h h h kh kh h sh kh h kh kh h h kh sh h h h h kh kh h sh k h kh
rock acoustic,k h h kh ks kh k kh h kh h kh sh h h kh kh h h kh sh h k kh h kh kh h kz h h l
rock dark hybrid,ka a a ka sa ka a ka a ka a ka sa a a ka ka a a ka sa a a ka a ka ka a za a a a
rock 808 simple,k h h kh ks kh k kh h kh h kh sh h h kh kh h h kh sh h k kh h kh kh h ks h h l
rock deep daft,k h h kh ks kh k kh h kh h kh sh h h kh kh h h kh sh h k kh h kh kh h kz h h a
hiphop acoustic,khl l l kj sl j kl j l kj kl j sl kj l kl kl j l kj sl j kl j l kj kl j ksl s ksy s
hiphop dark hybrid,ka a a ka sa a ka a a ka ka a sa ka a ka ka a a ka sa a ka a a ka ka a ksa s ksy s
hiphop deep daft,kha a a ka sa a ka a a ka ka a sa ka a ka ka a a ka sa a ka a a ka ka a ksa s ksy s
rock acoustic,kh s k k s n k n h s k n s h k k kh h k k s n k sh h s k s sh t u ky
rock dark hybrid,ka s a k s n ka n a s ka n s a a a ka a a k s n ka sa a s a s sa t u ky
rock acoustic,k h h kh s h k h h h k h s h k h kh h k kh s h k h h h k h s h l n
rock dark hybrid,ka a a ka s a ka a a a ka a s a a a ka a a ka s a ka a a a ka a s a a n
rock deep daft,k h h kh s h k h h h k h s h k h kh h k kh s h k h h h k h s h a n
rock acoustic,kr n r k r h kr h d k r r sd s r h kd h r k r h kr h d k r d s r s s
rock dark hybrid,kr n r ka r a kr a d a r r sd s r a kd a r ka r a kr a d a r d s r s s
rock acoustic,kd k r k r h kr h d k r r sr s r h krzu h r kh d h kr h d k r r sd s r h
rock dark hybrid,kd a r a r a kr a d a r r sr s r a krzu a r ka d a kr a d a r r sd s r a
rock 808 simple,kd k r k r h kr h d k r r sr s r h ksru h r kh d h kr h d k r r sd s r h
soul acoustic,kh n j n khz s h ksh k s k n ksh s k sh k s k h ks n h ks n ksl n hz k n h sh
soul dark hybrid,ka n a n za s a ksa a s ka n sa s a sa ka s ka a sa n a sa n ksa n za a n a sa
soul 808 simple,kh n j n ksh s h ksh k s k n ksh s k sh k s k h ks n h ks n ksl n sh k n h sh
soul deep daft,kh n a n khz s h ksh k s k n ksh s k sh k s k h ks n h ks n ksa n hz k n h sh
soul acoustic,khy n l n ksh n h s kh s l n ksh n k s k s kl h s n kj sh n n n n h s s s
soul dark hybrid,kay n a n ksa n a s ka s a n ksa n a s ka s ka a s n ka sa n n n n a s s s
soul deep daft,khy n a n ksh n h s kh s a n ksh n k s k s ka h s n ka sh n n n n h s s s
soul acoustic,ky s l n ksh n ks h k s l n ksh n ks h k s k n ks n ks h k s l n ksh n ks k
soul dark hybrid,ky s a n ksa n sa a ka s a n ksa n sa a ka s a n ks n sa a k s a n ksa n sa a
soul deep daft,ky s a n ksh n ks h k s a n ksh n ks h k s k n ks n ks h k s a n ksh n ks k
soul acoustic,ky n sru n sh n k s k s k n ks n k n k n k n ks s k s kh n k n ks n ks n
soul dark hybrid,ky n sru n sa n a s ka s a n ks n a n k n a n ks s a s ka n a n ks n sa n
pop soft acoustic,k t s s t u kr n n n sh n ky n h n sr n shr n r r khr n r n shr n kr n hr n
pop soft dark hybrid,k t s s t u kr n n n sa n ky n a n sr n sra n r r kra n r n sra n kr n ra n
hiphop acoustic,kh h h kh ks h kh h h kh kh h ks kh k kh k h h kh ks h k h k kh k k sh kh kl n
hiphop dark hybrid,ka a a ka sa a ka a a ka ka a sa ka a ka ka a a ka sa a ka a a ka ka a sa ka ka n
hiphop deep daft,kh h h kh ks h kh h h kh kh h ks kh k kh k h h kh ks h k h k kh k k sh kh ka n
rock indie acoustic,kh h h kh hz kh h kh kh h h kh sh h h kh kh h h kh sh kh h kh h kh kh h sh kh kh h
rock indie dark hybrid,ka a a ka za ka a ka ka a a ka sa a a ka ka a a ka sa ka a ka a ka ka a sa ka ka a
rock indie 808 simple,kh h h kh sh kh h kh kh h h kh sh h h kh kh h h kh sh kh h kh h kh kh h sh kh kh h
rock indie acoustic,khr r r k shr r hr n hr kr khr r shr kr hr kr khr r hr kr shr r hr r hr kr khr r shr kr hr kr
rock indie dark hybrid,kra r r k sra r ra n ra kr kra r sra kr ra kr kra r ra kr sra r ra r ra kr kra r sra kr ra kr
funk acoustic,kh n kh n sh n h s h s kj n sh n h s kh n kh n hz n h s h s kj n sh n h s
funk dark hybrid,ka n ka n sa n a s a s ka n sa n a s ka n ka n za n a s a s ka n sa n a s
funk 808 simple,kh n kh n sh n h s h s kj n sh n h s kh n kh n sh n h s h s kj n sh n h s
funk deep daft,kh n kh n sh n h s h s ka n sh n h s kh n kh n hz n h s h s ka n sh n h s
funk acoustic,k n h n ks n h s ks n kh n h n s n h s kh n ks n h s k s kh s s s s s
funk dark hybrid,ka n a n sa n a s sa n ka n a n s n a s ka n sa n a s a s ka s s s s s
funk acoustic,ks n h s h s kj n sh n h s kh n kj n ksh n h s h s kj n sh n h s kh n kh n
funk dark hybrid,ka n sa n a s ka n ka n sa n a s a s ka n sa n a s ka n ka n sa n a s a s
funk deep daft,ks n h s h s ka n sh n h s kh n ka n ksh n h s h s ka n sh n h s kh n kh n
funk acoustic,ks y n kj n sh s h sh h s kj n ksh n h s kh n kj n sh n h s h ks j n sh n h
funk dark hybrid,ks y n ka n sa s a sa a s ka n sa n a s ka n ka n sa n a s a ks a n sa n a
funk deep daft,ks y n ka n sh s h sh h s ka n ksh n h s kh n ka n sh n h s h ks a n sh n h
funk acoustic,kh n kj n sh n h sh h s kj n sh n h s kh n kj n ksh n h s h s kh n sh n h s
funk dark hybrid,ka n ka n sa n a sa a s ka n sa n a s ka n ka n sa n a s a s ka n sa n a s
funk deep daft,kh n ka n sh n h sh h s ka n sh n h s kh n ka n ksh n h s h s kh n sh n h s
neworleans funk acoustic,k n sh s ks s sh s ks s sh ks s s ksh n ks n sh s ks s sh ks s sh s ks s s sh s
neworleans funk dark hybrid,k n sa s ks s sa s ks s sa ks s s ksa n ks n sa s ks s sa ks s sa s ks s s sa s
neworleans funk acoustic,ks s sh ks s n ksh s ks s sh s ks sh s ks s s sh s ks s ksh s ks n sh s ks s sh ks
neworleans funk dark hybrid,ks s sa ks s n ksa s ks s sa s ks sa s ks s s sa s ks s ksa s ks n sa s ks s sa ks
funk acoustic,kh n h n ks n h n k n l n sh n h n kh n h k ks k h k kh n j n ksh n k n
funk dark hybrid,ka n a n sa n a n ka n a n sa n a n ka n a k sa k a k ka n a n sa n a n
funk deep daft,kh n h n ks n h n k n a n sh n h n kh n h k ks k h k kh n a n ksh n k n
neworleans funk acoustic,ks h k ksh k kh ks kh k sh k k sl n l n kshl h k ksh k kh ks k k sh k kh k s l n
neworleans funk dark hybrid,ksa a a ksa a ka sa ka ka sa a k sa n a n ksa a a ksa a ka sa k ka sa a ka ka s a n
neworleans funk deep daft,ks h k ksh k kh ks kh k sh k k sa n a n ksha h k ksh k kh ks k k sh k kh k s a n
latin acoustic,kr n r n hz r rx n s r sz n hr r u n kr s n rz sh r n rx n s r sz hr n r u
latin dark hybrid,kr n r n za r rx n s r sz n ra r u n kr s n rz sa r n rx n s r sz ra n r u
latin 808 simple,kr n r n sh r rx n s r s n hr r u n kr s n sr sh r n rx n s r s hr n r u
latin acoustic,kr n n r hz r n rx n r n z hr r u n kr n r n hz r rx n n r z n hr n ru n
latin dark hybrid,kr n n r za r n rx n r n z ra r u n kr n r n za r rx n n r z n ra n ru n
latin 808 simple,kr n n r sh r n rx n r n s hr r u n kr n r n sh r rx n n r s n hr n ru n
hiphop acoustic,k n h n ks n ks s k s k n h n ks n k n k n ks n n s k s h s k s h s
hiphop dark hybrid,ka n a n sa n sa s a s ka n a n sa n a n k n sa n n s ka s a s ka s a s
hiphop acoustic,ky n h n sh n sh s ksh s kh n h n ks n k n kh n ks n ks s kh s h n k s h s
hiphop dark hybrid,kya n a n sa n sa s ksa s ka n a n sa n a n ka n sa n sa s ka s a n ka s a s
afrobeat acoustic,k n h s kl n ksh n k k k s kl n ksh n k n h s kl n ksh n kh ky ks n kl n ksh n
afrobeat dark hybrid,ka n a s ka n sa n ka k a s ka n sa n ka n a s ka n sa n ka ky sa n ka n sa n
afrobeat deep daft,k n h s ka n ksh n k k k s ka n ksh n k n h s ka n ksh n kh ky ks n ka n ksh n
funk acoustic,k n h n ks n k n k n l n ksh n h n kh n k k ks k k k kh n l n ksh n k n
funk deep daft,k n h n ks n k n k n a n ksh n h n kh n k k ks k k k kh n a n ksh n k n
rock shuffle acoustic,kh n n k ks h k n k k n n ks n n l kh n h n ks h k n k h n s kl n n l
rock shuffle dark hybrid,ka n n a ks a a n k a n n ksa n n a ka n a n ks a a n k a n s ka n n a
rock shuffle deep daft,kh n n k ks h k n k k n n ks n n a kh n h n ks h k n k h n s ka n n a
rock shuffle acoustic,khy n h n ks n h n k h s n ksl n sj h k n h n ks h k n k h s n kl n n l
rock shuffle dark hybrid,kya n a n ks n a n k a s n ksa n sa a ka n a n ks a a n k a s n ka n n a
rock shuffle deep daft,khy n h n ks n h n k h s n ksa n sa h k n h n ks h k n k h s n ka n n a
funk acoustic,k n h n k n ks n h n kh n h n ks n n s k n ks n n s k s k n ks k s s
funk dark hybrid,ka n a n a n sa n a n ka n a n sa n n s ka n sa n n s ka s ka n sa k s s
hiphop acoustic,k k n h n s n h n ky n h n s n kh k ky n kh n s n h n ky n h n s n kh
hiphop dark hybrid,k k n a n s n a n ky n a n s n ka k ky n ka n s n a n ky n a n s n ka
funk latin acoustic,kh n h n ks k h k k n h n ks n h n kh n kh n ks k k k k n h n ks n k n
funk latin dark hybrid,ka n a n ksa k a k a n a n sa n a n ka n ka n sa k a k a n a n sa n a n
funk latin acoustic,kh n h n ks k h k k n h n ks n h n k n k n ks k k k k n k n ks n n n
funk latin dark hybrid,ka n a n sa k a k a n a n sa n a n ka n ka n sa k a k a n a n sa n n n
afrobeat acoustic,ksr n shr k r s shr s ksr r shr s kr kr shr ks kr n shr k sr s shr s kr r shr s kr kr shr ks
afrobeat dark hybrid,ksr n sra k r s sra s ksr r sra s kr kr sra ks kr n sra k sr s sra s kr r sra s kr kr sra ks
latin acoustic,kz n hz t kz z ht z kzu u hz x kz z hu z ktz t htz t kz z ht z kzu u hz x kz z hu z
latin dark hybrid,kz n za t kz z ta z kzu u za x kz z au z ktz t tza t kz z ta z kzu u za x kz z au z
latin 808 simple,ks n sh t ks s ht s ksu u sh x ks s hu s kst t sht t ks s ht s ksu u sh x ks s hu s
rock acoustic,k n h n ks n h n kh n h n ks n h n kh n h n ksh n h n khyr n h n ks n l n
rock dark hybrid,k n a n ks n a n ka n a n ks n a n ka n a n ksa n a n kyra n a n ks n a n
rock deep daft,k n h n ks n h n kh n h n ks n h n kh n h n ksh n h n khyr n h n ks n a n
hiphop acoustic,kl n kh k kz k kl n h h l n ksh h kl n kh h kl k ksh kh kl n kh h l n ksh h kl n
hiphop dark hybrid,ka n ka ka za ka ka n a a a n sa a ka n ka a ka k sa ka ka n a a a n sa a ka n
hiphop 808 simple,kl n kh k ks k kl n h h l n ksh h kl n kh h kl k ksh kh kl n kh h l n ksh h kl n
hiphop deep daft,ka n kh k kz k ka n h h a n ksh h ka n kh h ka k ksh kh ka n kh h a n ksh h ka n
hiphop acoustic,k n k kh ks k kl n h h l n ksh n kl n kh h khl k ksh kh kl n kh h l n ksh h kl n
hiphop dark hybrid,ka n ka ka sa k ka n a a a n sa n ka n ka a ka k sa ka ka n a a a n sa a ka n
hiphop deep daft,k n k kh ks k ka n h h a n ksh n ka n kh h kha k ksh kh ka n kh h a n ksh h ka n
hiphop acoustic,kh n kh k ks kh kl n hl k l n ksh k kl n kh k kl k ksh k kl n hl h l n ksh h kl n
hiphop dark hybrid,ka n ka ka sa ka ka n a a a n sa a ka n ka a ka k sa ka ka n a a a n sa a ka n
hiphop deep daft,kh n kh k ks kh ka n ha k a n ksh k ka n kh k ka k ksh k ka n ha h a n ksh h ka n
funk acoustic,kh h k h ks h k sh k kh k sh k kh sl n kh h k h ks h k sh k kh k sh k kh sl n
funk dark hybrid,ka a a a sa a a sa a ka ka sa a ka sa n ka a ka a sa a a sa a ka ka sa a ka sa n
funk deep daft,kh h k h ks h k sh k kh k sh k kh sa n kh h k h ks h k sh k kh k sh k kh sa n
funk acoustic,kh h kh h ks k k ks k kh k ks k kh sl n kh h k h ks n k ks k kh k sh k kh sl n
funk dark hybrid,ka a ka a sa a a sa a ka ka sa a ka sa n ka a ka a sa n a sa a ka ka sa a ka sa n
funk deep daft,kh h kh h ks k k ks k kh k ks k kh sa n kh h k h ks n k ks k kh k sh k kh sa n
funk acoustic,ky n k n ky n k n ky n k n s n k n kyr n k n ky n k k k n k n s n k n
funk dark hybrid,ky n a n ky n a n ky n a n s n a n kyr n a n ky n a k k n a n s n a n
rock acoustic,ky n k n ks n k n kh n k n shl n k n k n k k ksh n k n hl n k n ks n l n
rock dark hybrid,ky n a n sa n a n a n ka n sa n ka n ka n a a sa n a n a n ka n sa n a n
rock deep daft,ky n k n ks n k n kh n k n sha n k n k n k k ksh n k n ha n k n ks n a n
rock acoustic,k n ks n k n k n k n ks n k n k n k n ks n kl n hl n k n ksh s k k ks n
rock dark hybrid,ka n sa n a n a n ka n sa n ka n ka n a n sa n ka n a n ka n sa s a k sa n
rock deep daft,k n ks n k n k n k n ks n k n k n k n ks n ka n ha n k n ksh s k k ks n
rock acoustic,k r n sr r r n kr n r n sr n kr n kr n r k sr s r s r k sr s ksr k r k sr
rock acoustic,kr n hr n sr n kr s kr s r k sr n kr n kr n hr n sr n hr s kr s kr n sr n khr n
rock dark hybrid,kr n ra n sr n kr s kr s r k sr n kr n kr n ra n sr n ra s kr s kr n sr n kra n
rock acoustic,k n ks n k n shl n k n ks n k n sl n kh n ks k k n ks n k n ks n k n s s
rock dark hybrid,ka n sa n ka n sa n ka n sa n ka n sa n ka n sa a k n sa n ka n sa n ka n s s
rock deep daft,k n ks n k n sha n k n ks n k n sa n kh n ks k k n ks n k n ks n k n s s
rock acoustic,kl n n n sl n j n kl n j n sl n j s ksl s kj n sl k j s ky s sj n sl n j s
rock dark hybrid,ka n n n sa n a n ka n a n sa n a s ksa s ka n sa k a s ky s sa n sa n a s
rock acoustic,k kj k sl n k n sl n kl k sl n k n sy n kj n sl s ksl k sl s ks n sl n kl n sl
rock dark hybrid,k ka k sa n k n sa n ka k sa n k n sy n ka n sa s ksa k sa s ks n sa n ka n sa
rock acoustic,k x x k u v k s s k t t k x x k u v k s s k t t k x x k u u k s
rock big room layered,k x x k u k k s s k t t k x x k u k k s s k t t k x x k u u k s
rock west coast funk,k x x k u b k s s k t t k x x k u b k s s k t t k x x k u u k s
rock nu rnb,k x x k u l k s s k t t k x x k u l k s s k t t k x x k u u k s
rock acoustic,ku n u t ku n x n ku u u n ktu n u t kt t ht t h t t t hx x n x hx x u ku
rock dark hybrid,ku n u t ku n x n ku u u n ktu n u t kt t ta t a t t t ax x n x ax x u ku
rock big room layered,k ku n u t ku n x n ku u u n ktu n u t kt t ht t h t t t hx x n x hx x u
rock acoustic,k t t k x x k u u n kr n r n kr n n n sr n n n kr n kr n sr k r k sh s
rock dark hybrid,k t t k x x k u u n kr n r n kr n n n sr n n n kr n kr n sr k r k sa s
rock acoustic,k n k h ks n hl s k n k n shl n k n k n k n ks n k n kh n k n ksh n k n
rock dark hybrid,ka n a a sa n a s ka n ka n sa n ka n ka n a n sa n a n a n ka n sa n ka n
rock deep daft,k n k h ks n ha s k n k n sha n k n k n k n ks n k n kh n k n ksh n k n
rock acoustic,k sl n k n kl n n k sl n n k sl n k k sl n n k sl n n k sl j n k sl n k
rock dark hybrid,k sa n k n ka n n k sa n n k sa n k k sa n n k sa n n k sa a n k sa n k
rock acoustic,kr n r n sr n r k r n k n sr n r n kr n n k sr n n r kr n n k rz k n r
rock 808 simple,kr n r n sr n r k r n k n sr n r n kr n n k sr n n r kr n n k sr k n r
rock dark hybrid,ka k n n sa n k n ka n a n sa n ka n ka n a n sa n a n ka n a n sa n ka n
rock acoustic,ky n k n ks n k n k n k n ks n k n kl n hl n ks n k n k k k k ks n k n
rock dark hybrid,ky n a n sa n a n ka n ka n sa n ka n ka n a n sa n ka n a k a k sa n ka n
rock deep daft,ky n k n ks n k n k n k n ks n k n ka n ha n ks n k n k k k k ks n k n
rock acoustic,kr n r n shr n hr s kr s khr n sr n kr n kr s r k sr s kr s sr su s s sz s st t
rock dark hybrid,kr n r n sra n ra s kr s kra n sr n kr n kr s r k sr s kr s sr su s s sz s st t
rock 808 simple,kr n r n shr n hr s kr s khr n sr n kr n kr s r k sr s kr s sr su s s s s st t
rock acoustic,k n sr n n k sr s kr k s k t k y k n n s n n n s s kt t kt x x x ku uv
rock big room layered,k n sr n n k sr s kr k s k t k y k n n s n n n s s kt t kt x x x ku ku
rock west coast funk,k n sr n n k sr s kr k s k t k y k n n s n n n s s kt t kt x x x ku bu
rock nu rnb,k n sr n n k sr s kr k s k t k y k n n s n n n s s kt t kt x x x ku lu
rock acoustic,kr n kr n sr n r r kr n shr r r n shr r kr n shr r kr n shr r kr n shr r kr n shr r
rock dark hybrid,kr n kr n sr n r r kr n sra r r n sra r kr n sra r kr n sra r kr n sra r kr n sra r
rock acoustic,kv s khr sr krv s kshr sr ksr s khr sr kr n shr r kr s kshr sr kr n kshr sr kr s sh s ky n shr r
rock dark hybrid,kv s kra sr krv s ksra sr ksr s kra sr kr n sra r kr s ksra sr kr n ksra sr kr s sa s ky n sra r
rock big room layered,k s khr sr kr s kshr sr ksr s khr sr kr n shr r kr s kshr sr kr n kshr sr kr s sh s ky n shr r
rock west coast funk,kb s khr sr krb s kshr sr ksr s khr sr kr n shr r kr s kshr sr kr n kshr sr kr s sh s ky n shr r
rock nu rnb,kl s khr sr krl s kshr sr ksr s khr sr kr n shr r kr s kshr sr kr n kshr sr kr s sh s ky n shr r
rock acoustic,kr n shr r kr n kshr r kr n kshr r kr s khr sr kr n kshr r kr r kshr r kr r kshr r kr s khr sr
rock dark hybrid,kr n sra r kr n ksra r kr n ksra r kr s kra sr kr n ksra r kr r ksra r kr r ksra r kr s kra sr
rock dark hybrid,ka a a a sa a a a ka a ka a sa a a a ka a ka a sa a a a ka a ka a sa a a a
rock acoustic,kr n kr n shr n hr s ksr n kr n sr n kr n hr n kr n shr n kr n kr n r n sr n kr n
rock dark hybrid,kr n kr n sra n ra s ksr n kr n sr n kr n ra n kr n sra n kr n kr n r n sr n kr n
rock acoustic,ks n k n ks n k k sl n kl s sh s t t khy n k k ks n k s ks s k k ks k k s
rock dark hybrid,ka n ksa n a k sa n ka s sa s t t kay n a k sa n ka s sa s a k sa k a s ksa n
rock deep daft,ks n k n ks n k k sa n ka s sh s t t khy n k k ks n k s ks s k k ks k k s
rock acoustic,khy n k n ks n k n k n k n ks n k n k n k n ks n k s k n k n ks k k s
rock dark hybrid,kay n a n sa n a n ka n ka n sa n ka n ka n a n sa n a s ka n ka n sa k a s
funk fast acoustic,k n s ksl s ksj n khl n s kj h s kh h z h h s kh s kh h s khj s kj hj s kh kh sh
funk fast dark hybrid,k n s ksa s ksa n ka n s ka a s ka a z a a s ka s ka a s ka s ka a s ka ka sa
funk fast 808 simple,k n s ksl s ksj n khl n s kj h s kh h s h h s kh s kh h s khj s kj hj s kh kh sh
funk fast deep daft,k n s ksa s ksa n kha n s ka h s kh h z h h s kh s kh h s kha s ka ha s kh kh sh
latin brazilian-baiao acoustic,k n h ks h n slz n kh h k ks h h ksz n kh h k ks h h kz s kh hz k k h h slz n
latin brazilian-baiao dark hybrid,k n a ks a n sza n ka a a ks a a sza n ka a a ks a a za s ka za a k a a sza n
latin brazilian-baiao 808 simple,k n h ks h n sl n kh h k ks h h ks n kh h k ks h h ks s kh sh k k h h sl n
latin brazilian-baiao deep daft,k n h ks h n sza n kh h k ks h h ksz n kh h k ks h h kz s kh hz k k h h sza n
funk acoustic,kh h kh h hz kj h sh h sh kh h sh kh h sh h h kh h sh kh h sh h h kh h hz kh h sh
funk dark hybrid,ka a ka a za ka a sa a sa ka a sa ka a sa a a ka a sa ka a sa a a ka a za ka a sa
funk 808 simple,kh h kh h sh kj h sh h sh kh h sh kh h sh h h kh h sh kh h sh h h kh h sh kh h sh
funk deep daft,kh h kh h hz ka h sh h sh kh h sh kh h sh h h kh h sh kh h sh h h kh h hz kh h sh
latin samba acoustic,kr r hr k kr r hr k kr r hr ks kr r hr ks ksr sr shr ks kr r hr ks ksr sr hr ks kr r khr s
latin samba dark hybrid,kr r ra k kr r ra k kr r ra ks kr r ra ks ksr sr sra ks kr r ra ks ksr sr ra ks kr r kra s
gospel acoustic,kl n ksh s kh n hz n kh n hz n kh n hz n kh n hz n kh n kz n kh n hz n kh n hz n
gospel dark hybrid,ka n sa s ka n za n ka n za n ka n za n ka n za n ka n za n ka n za n ka n za n
gospel 808 simple,kl n ksh s kh n sh n kh n sh n kh n sh n kh n sh n kh n ks n kh n sh n kh n sh n
gospel deep daft,ka n ksh s kh n hz n kh n hz n kh n hz n kh n hz n kh n kz n kh n hz n kh n hz n
latin bomba acoustic,khz s z tz h tz tz n khz n z tz h htz tz n khz n z tz h tz tz n khz n z tz h htz tz n
latin bomba dark hybrid,kza s z tz a tz tz n kza n z tz a tza tz n kza n z tz a tz tz n kza n z tz a tza tz n
latin bomba 808 simple,ksh s s st h st st n ksh n s st h sht st n ksh n s st h st st n ksh n s st h sht st n
rock acoustic,ktu n tu n kuw n tu n ktu n tu n ktu n tu n ktu n tu n kuw n tu n ktu n tu n ktu n tu n
rock big room layered,ktu n tu n klu n tu n ktu n tu n ktu n tu n ktu n tu n klu n tu n ktu n tu n ktu n tu n
rock nu rnb,ktu n tu n kzu n tu n ktu n tu n ktu n tu n ktu n tu n kzu n tu n ktu n tu n ktu n tu n
funk acoustic,k h h h h h h h h h h h h h h h h h h h h h h h h h h h h h h h
rock acoustic,k s l j j j l kj l s l l k k j l j s l j j j j j k s l j l kj j j
rock dark hybrid,k s a a a a a ka a s a a a k a a a s a a a a a a k s a a a ka a a
rock deep daft,k s a a a a a ka a s a a k k a a a s a a a a a a k s a a a ka a a
hiphop acoustic,kh h h k s h h n h n k n s k h n kh n h h s n h n h n kl n h s n n
hiphop dark hybrid,ka a a k s a a n a n ka n s k a n ka n a a s n a n a n ka n a s n n
hiphop deep daft,kh h h k s h h n h n k n s k h n kh n h h s n h n h n ka n h s n n
rock acoustic,kt n t t kst n t t kt n t t kst n t t kt n t t kst n t t kt n t t kst n t t
jazz acoustic,kl n sh n k n s n kl n s k l n s kl h n s kl n s n kl n s n hl k s n k
jazz dark hybrid,ka n sa n ka n s n ka n s k a n s ka a n s ka n s n ka n s n a k s n ka
jazz deep daft,ka n sh n k n s n ka n s k a n s ka h n s ka n s n ka n s n ha k s n k
latin brazilian acoustic,ks n n n s n n kt t t t x n q n n kt t t t x n x n ks n n n s n s n
latin brazilian jinglestacks 2nd hi-hat,ks n n n s n n kt t t t x n h n n kt t t t x n x n ks n n n s n s n
latin brazilian jazz funk,ks n n n s n n kt t t t x n b n n kt t t t x n x n ks n n n s n s n
latin brazilian big room layered,ks n n n s n n kt t t t x n l n n kt t t t x n x n ks n n n s n s n
latin brazilian nu rnb,ks n n n s n n kt t t t x n s n n kt t t t x n x n ks n n n s n s n
latin brazilian compact lite w/ tambourine hh,ks n n n s n n kt t t t x n a n n kt t t t x n x n ks n n n s n s n
latin brazilian-sambareggae acoustic,kt s sh s kx s hx s kt s sh z ku u hu u kt s sh s ku s hu s kt s sh s ku u hu v
latin brazilian-sambareggae dark hybrid,kt s sa s kx s ax s kt s sa z ku u au u kt s sa s ku s au s kt s sa s ku u au v
latin brazilian-sambareggae big room layered,kt s sh s kx s hx s kt s sh z ku u hu u kt s sh s ku s hu s kt s sh s ku u hu k
latin brazilian-sambareggae west coast funk,kt s sh s kx s hx s kt s sh z ku u hu u kt s sh s ku s hu s kt s sh s ku u hu b
latin brazilian-sambareggae 808 simple,kt s sh s kx s hx s kt s sh s ku u hu u kt s sh s ku s hu s kt s sh s ku u hu v
latin brazilian-sambareggae nu rnb,kt s sh s kx s hx s kt s sh s ku u hu u kt s sh s ku s hu s kt s sh s ku u hu l
latin brazilian-samba acoustic,ks s sh kz s s ksh s ks s sh ks u s sh s ks s sh ks s sz sh s ks s sh kz u s sh s
latin brazilian-samba dark hybrid,ks s sa kz s s ksa s ks s sa ks u s sa s ks s sa ks s sz sa s ks s sa kz u s sa s
latin brazilian-samba 808 simple,ks s sh ks s s ksh s ks s sh ks u s sh s ks s sh ks s s sh s ks s sh ks u s sh s
latin venezuelan-joropo dark hybrid,ka a a ka ka a a ka ka a a ka ka a a ka ka a a ka ka a ka a ka a ka a ka a ka a
latin brazilian-samba acoustic,ks s sh ks s s hz s ks s sh kz ks shz s ks ks z sh ks ks s hz ks ks s sh kz ks u hu ks
latin brazilian-samba dark hybrid,ks s sa ks s s za s ks s sa kz ks sza s ks ks z sa ks ks s za ks ks s sa kz ks u au ks
latin brazilian-samba 808 simple,ks s sh ks s s sh s ks s sh ks ks sh s ks ks s sh ks ks s sh ks ks s sh ks ks u hu ks
latin brazilian-frevo acoustic,ks ks sh s ksh s sh s ksh s sh h ks s sh sh ks n sh sh ks sh s sh ks sh s sh ks s sh sh
latin brazilian-frevo dark hybrid,ks ks sa s ksa s sa s ksa s sa a ks s sa sa ks n sa sa ks sa s sa ks sa s sa ks s sa sa
rock acoustic,ksl n h k ks h s l h s k n ks n klj s kl s j ks sl n j s k s h s l s l s
rock dark hybrid,ksa n a k sa a s a a s a n sa n ka s ka s a ks sa n a s a s a s a s a s
rock deep daft,ksa n h k ks h s a h s k n ks n ka s ka s a ks sa n a s k s h s a s a s
funk acoustic,k k s k ksj ksh s h ks k s kh kj ksh s h ks k s kh kj ksh s h sh k s k kj ksh s k
funk dark hybrid,ka a s ka ksa sa s a sa a s ka ka sa s a sa ka s ka ka sa s a sa a s ka ka sa s a
funk deep daft,k k s k ksa ksh s h ks k s kh ka ksh s h ks k s kh ka ksh s h sh k s k ka ksh s k
pop acoustic,ks n k n h n ks k n s k kh n n ks n k n k n kh n ks k n n k s kh n ks n
pop dark hybrid,ks n ka n a n sa ka n s a ka n n sa n k n a n ka n sa a n n a s ka n sa n
jazz fusion acoustic,k h h s h h kh h k h h h k h s h kh h h s h h kh h k h h h k h s s
jazz fusion dark hybrid,ka a a s a a ka a a a a a a a s a ka a a s a a ka a a a a a a a s s
rock acoustic,k n n n ksh n n s k s k k ks n n s k n k n k n s n k s k k ks s n s
rock dark hybrid,ka n n n sa n n s a s k k sa n n s ka n k n a n s n a s k k sa s n s
rock acoustic,k h h h ks h h kh kh h h h sh k h kh k h h h ks n k kh kh h h h ks h h h
rock dark hybrid,ka a a a sa a a ka ka a a a sa a a ka ka a a a sa n a ka ka a a a sa a a a
rock acoustic,kr n kr n shr n kr n hr n ksr n shr n kr h sr n r n shr n r n khl n kr n shr n kr n
rock dark hybrid,kr n kr n sra n kr n ra n ksr n sra n kr a sr n r n sra n r n kla n kr n sra n kr n
rock acoustic,k ks k n n s k n kh n ks n n n k n k k ks n n n k n kh n ks n h s k s
rock dark hybrid,k ks a n n s a n ka n sa n n n ka n ka k sa n n n a n ka n sa n a s ka s
afrobeat acoustic,kh n n s kl n sh n kh k h s kl n sh n k n h s kl n sh n kh k s n kl n sh n
afrobeat dark hybrid,ka n n s ka n sa n ka k a s ka n sa n ka n a s ka n sa n ka k s n ka n sa n
afrobeat deep daft,kh n n s ka n sh n kh k h s ka n sh n k n h s ka n sh n kh k s n ka n sh n
funk dark hybrid,ka n n n sa n a s a s ka n a n sa n n ksa n a sa s a s a s ka n sa ks a s
rock acoustic,ky n k n ks n k n k n k n ksh n kl n kh n k n ks n k s k n k n ks n k n
rock dark hybrid,ky n a n sa n a n ka n ka n sa n ka n a n ka n sa n a s ka n ka n sa n ka n
rock deep daft,ky n k n ks n k n k n k n ksh n ka n kh n k n ks n k s k n k n ks n k n
